# ************************************************************
# Sequel Pro SQL dump
# Version 4096
#
# http://www.sequelpro.com/
# http://code.google.com/p/sequel-pro/
#
# Host: 127.0.0.1 (MySQL 5.6.22)
# Database: hzdb
# Generation Time: 2015-03-05 08:23:21 +0000
# ************************************************************


/*!40101 SET @OLD_CHARACTER_SET_CLIENT=@@CHARACTER_SET_CLIENT */;
/*!40101 SET @OLD_CHARACTER_SET_RESULTS=@@CHARACTER_SET_RESULTS */;
/*!40101 SET @OLD_COLLATION_CONNECTION=@@COLLATION_CONNECTION */;
/*!40101 SET NAMES utf8 */;
/*!40014 SET @OLD_FOREIGN_KEY_CHECKS=@@FOREIGN_KEY_CHECKS, FOREIGN_KEY_CHECKS=0 */;
/*!40101 SET @OLD_SQL_MODE=@@SQL_MODE, SQL_MODE='NO_AUTO_VALUE_ON_ZERO' */;
/*!40111 SET @OLD_SQL_NOTES=@@SQL_NOTES, SQL_NOTES=0 */;


# Dump of table tpg_gzfsqspb
# ------------------------------------------------------------

DROP TABLE IF EXISTS `tpg_gzfsqspb`;

CREATE TABLE `tpg_gzfsqspb` (
  `ID` int(12) NOT NULL DEFAULT '0' COMMENT 'ID',
  `CODE` int(12) DEFAULT NULL COMMENT 'CODE',
  `YWSLID` int(12) DEFAULT NULL COMMENT '业务实例ID',
  `YWLB` varchar(20) DEFAULT NULL COMMENT '廉租房申请、变更、年审',
  `SPND` varchar(10) DEFAULT NULL COMMENT '审批年度',
  `SQRID` int(12) DEFAULT NULL COMMENT '申请人ID',
  `SQRCODE` int(12) DEFAULT NULL COMMENT '申请人CODE',
  `SQRXM` varchar(100) DEFAULT NULL COMMENT '申请人姓名',
  `SQRSFZH` varchar(50) DEFAULT NULL COMMENT '申请人身份证号',
  `SQRNL` int(3) DEFAULT NULL COMMENT '申请人年龄',
  `SQRDWBH` varchar(50) DEFAULT NULL COMMENT '申请人工作单位编号',
  `SQRDWMC` varchar(100) DEFAULT NULL COMMENT '申请人工作单位名称',
  `POID` int(12) DEFAULT NULL COMMENT '配偶ID',
  `POCODE` int(12) DEFAULT NULL COMMENT '配偶CODE',
  `POXM` varchar(100) DEFAULT NULL COMMENT '配偶姓名',
  `POSFZH` varchar(50) DEFAULT NULL COMMENT '配偶身份证号',
  `PONL` int(3) DEFAULT NULL COMMENT '配偶年龄',
  `PODWBH` varchar(50) DEFAULT NULL COMMENT '配偶工作单位编号',
  `PODWMC` varchar(100) DEFAULT NULL COMMENT '配偶工作单位名称',
  `JTID` int(12) DEFAULT NULL COMMENT '家庭ID',
  `JTCODE` int(12) DEFAULT NULL COMMENT '家庭CODE',
  `JTRS` int(2) DEFAULT NULL COMMENT '家庭人数',
  `JTNZSR` int(9) DEFAULT NULL COMMENT '家庭年总收入',
  `JTRJNSR` int(9) DEFAULT NULL COMMENT '家庭人均年收入',
  `HKRHNS` int(3) DEFAULT NULL COMMENT '户口入杭年数',
  `JTZFQKID` int(12) DEFAULT NULL COMMENT '家庭住房情况ID',
  `YYZFMJ` int(9) DEFAULT NULL COMMENT '已有住房面积',
  `XSSWFFMJ` int(9) DEFAULT NULL COMMENT '享受实物分房面积',
  `KNZJLB` int(8) DEFAULT NULL COMMENT '困难证件类别',
  `KNZJHM` varchar(50) DEFAULT NULL COMMENT '困难证件号码',
  `KNZJYXQQ` date DEFAULT NULL COMMENT '困难证件有效期起',
  `KNZJYXQZ` date DEFAULT NULL COMMENT '困难证件有效期至',
  `HSBH` varchar(50) DEFAULT NULL COMMENT '杭社保号',
  `YDDXLB` int(8) DEFAULT NULL COMMENT '普通、残疾、烈属',
  `PZZGZH` varchar(50) DEFAULT NULL COMMENT '配租资格证号',
  `PZFS` int(8) DEFAULT NULL COMMENT '配租方式',
  `NPZRS` int(2) DEFAULT NULL COMMENT '拟配租人数',
  `BTMJ` int(9) DEFAULT NULL COMMENT '补贴面积',
  `PZMJBZ` int(9) DEFAULT NULL COMMENT '配租面积标准',
  `YXQQ` date DEFAULT NULL COMMENT '有效期起',
  `YXQZ` date DEFAULT NULL COMMENT '有效期至',
  `SJGSZT` int(8) DEFAULT NULL COMMENT '市局公示状态：0：默认值；1：待公示；2：公示中；3：完成公示',
  `PZCS` int(2) DEFAULT NULL COMMENT '配租次数',
  `BJSPZFACS` int(2) DEFAULT NULL COMMENT '不接受配租方案次数',
  `SFFQZG` int(1) DEFAULT NULL COMMENT '是否放弃资格',
  `SFQXSWPZZG` int(1) DEFAULT NULL COMMENT '是否取消实物配租资格',
  `SFGDQ` int(1) DEFAULT NULL COMMENT '是否过渡期',
  `GDQQ` date DEFAULT NULL COMMENT '过渡期起',
  `GDQZ` date DEFAULT NULL COMMENT '过渡期至',
  `BZ` varchar(500) DEFAULT NULL COMMENT '备注',
  `SFYX` int(1) DEFAULT NULL COMMENT '是否有效',
  `BGQSPBID` int(12) DEFAULT NULL COMMENT '变更前审批表ID',
  `BGQPZZGZH` varchar(50) DEFAULT NULL COMMENT '变更前配租资格证号',
  `BGQPZFS` int(8) DEFAULT NULL COMMENT '变更前配租方式',
  `BGYY` varchar(500) DEFAULT NULL COMMENT '变更原因',
  `SFCXDZ` int(1) DEFAULT NULL COMMENT '是否重新打证',
  `BGCS` int(2) DEFAULT NULL COMMENT '变更次数',
  `NSYJ` varchar(500) DEFAULT NULL COMMENT '年审意见',
  `NSSFTG` int(1) DEFAULT NULL COMMENT '年审是否通过',
  `LSBZ` int(8) DEFAULT NULL COMMENT '历史标志',
  `CJSJ` date DEFAULT NULL COMMENT '创建时间',
  `ZZSJ` date DEFAULT NULL COMMENT '终止时间',
  `SZCQ` int(8) DEFAULT NULL COMMENT '所在城区',
  `SSSQ` int(8) DEFAULT NULL COMMENT '所属社区',
  `SZJD` int(8) DEFAULT NULL COMMENT '所在街道',
  `GSJG` int(1) DEFAULT NULL COMMENT '公示结果',
  `JXC` int(8) DEFAULT NULL COMMENT '夹心层',
  `SQQD` int(8) DEFAULT NULL COMMENT '申请渠道',
  `SLRQ` date DEFAULT NULL COMMENT '受理时间',
  `SFYYH` int(1) DEFAULT NULL COMMENT '是否已摇号；0表示未摇号，1表示已摇号',
  `YHSJ` date DEFAULT NULL COMMENT '摇号时间',
  `QJGSZT` int(8) DEFAULT NULL COMMENT '区局公示状态：0：默认值；1：待公示；2：公示中；3：完成公示',
  `HTQDSJ` date DEFAULT NULL COMMENT '合同签订时间始',
  `HTQDNS` int(8) DEFAULT NULL COMMENT '合同签订年数',
  `YLBXJNNS` date DEFAULT NULL COMMENT '养老保险交纳时间',
  `JNNS` int(8) DEFAULT NULL COMMENT '养老保险交纳年数',
  `ZFGJJJNSJ` date DEFAULT NULL COMMENT '住房公积金交纳时间',
  `ZFGJJJNNS` int(8) DEFAULT NULL COMMENT '住房公积金交纳年数',
  `SWWSZMQX` date DEFAULT NULL COMMENT '税务完税证明期限',
  `WSNS` int(8) DEFAULT NULL COMMENT '完税年数',
  `YEZZ` varchar(50) DEFAULT NULL COMMENT '营业执照',
  `BYXX` varchar(50) DEFAULT NULL COMMENT '毕业学校',
  `BYZH` varchar(50) DEFAULT NULL COMMENT '毕业证号',
  `BYSJ` date DEFAULT NULL COMMENT '毕业时间',
  `XL` int(8) DEFAULT NULL COMMENT '学历',
  `ZC` int(8) DEFAULT NULL COMMENT '职称',
  `ZYZG` int(8) DEFAULT NULL COMMENT '职业资格',
  `SLR` varchar(100) DEFAULT NULL COMMENT '受理人',
  `ZJLB` int(8) DEFAULT NULL COMMENT '证件类别',
  `ZZZH` varchar(50) DEFAULT NULL COMMENT '临时赞助证号',
  `ZYZT` int(8) DEFAULT NULL COMMENT '职业状态',
  `HZLX` int(8) DEFAULT NULL COMMENT '合租类型',
  `SLBH` varchar(50) DEFAULT NULL COMMENT '受理编号',
  `QS` int(8) DEFAULT NULL COMMENT '摇号期数',
  `YHND` varchar(20) DEFAULT NULL COMMENT '摇号年度',
  `DABH` varchar(50) DEFAULT NULL COMMENT '档案编号',
  `HTQDSJZ` date DEFAULT NULL COMMENT '合同签订时间止',
  `SFYPZ` int(8) DEFAULT NULL COMMENT '是否已配租',
  `BJQSQLX` int(8) DEFAULT NULL COMMENT '杭州高新区（滨江）创业人才公寓申请类型 1：重点骨干企业；2：重大招商项目；3：其他企业单位',
  `HCZT` int(8) DEFAULT NULL COMMENT '(人工核查状态  0全部返回，1，未核查数据)',
  `STOPFLAG` int(1) DEFAULT NULL COMMENT '终止标示：0：正常；1：终止',
  `SQBZLX` int(1) DEFAULT NULL COMMENT '申请保障优先类型：1：优先保障；0：常规保障',
  `YXBZLX` int(1) DEFAULT NULL COMMENT '优先保障类型',
  `HCBH` int(12) DEFAULT NULL COMMENT '档案馆的核查编号，通过当前核查核可以调用到档案馆的核查结果',
  `SXH` int(12) DEFAULT NULL COMMENT '顺序号：调房申请顺序号',
  `YEZZH` varchar(50) DEFAULT NULL COMMENT '营业执照号',
  `ZCHM` varchar(50) DEFAULT NULL COMMENT '职称/职业资格证书号',
  `JPZZGZH` varchar(20) DEFAULT NULL COMMENT '旧保障资格证号',
  `ZXYY` varchar(2000) DEFAULT NULL COMMENT '注销原因',
  `ZXSJ` date DEFAULT NULL COMMENT '注销时间',
  `PZLX` int(8) DEFAULT NULL COMMENT '配租类型',
  `HBBTBZ` int(9) DEFAULT NULL COMMENT '货币补贴标准',
  `HBBTXS` int(9) DEFAULT NULL COMMENT '货币补贴系数',
  `YHBBTJE` int(9) DEFAULT NULL COMMENT '月货币补贴金额',
  PRIMARY KEY (`ID`)
) ENGINE=InnoDB DEFAULT CHARSET=utf8 COMMENT='公租房申请审批表';

LOCK TABLES `tpg_gzfsqspb` WRITE;
/*!40000 ALTER TABLE `tpg_gzfsqspb` DISABLE KEYS */;

INSERT INTO `tpg_gzfsqspb` (`ID`, `CODE`, `YWSLID`, `YWLB`, `SPND`, `SQRID`, `SQRCODE`, `SQRXM`, `SQRSFZH`, `SQRNL`, `SQRDWBH`, `SQRDWMC`, `POID`, `POCODE`, `POXM`, `POSFZH`, `PONL`, `PODWBH`, `PODWMC`, `JTID`, `JTCODE`, `JTRS`, `JTNZSR`, `JTRJNSR`, `HKRHNS`, `JTZFQKID`, `YYZFMJ`, `XSSWFFMJ`, `KNZJLB`, `KNZJHM`, `KNZJYXQQ`, `KNZJYXQZ`, `HSBH`, `YDDXLB`, `PZZGZH`, `PZFS`, `NPZRS`, `BTMJ`, `PZMJBZ`, `YXQQ`, `YXQZ`, `SJGSZT`, `PZCS`, `BJSPZFACS`, `SFFQZG`, `SFQXSWPZZG`, `SFGDQ`, `GDQQ`, `GDQZ`, `BZ`, `SFYX`, `BGQSPBID`, `BGQPZZGZH`, `BGQPZFS`, `BGYY`, `SFCXDZ`, `BGCS`, `NSYJ`, `NSSFTG`, `LSBZ`, `CJSJ`, `ZZSJ`, `SZCQ`, `SSSQ`, `SZJD`, `GSJG`, `JXC`, `SQQD`, `SLRQ`, `SFYYH`, `YHSJ`, `QJGSZT`, `HTQDSJ`, `HTQDNS`, `YLBXJNNS`, `JNNS`, `ZFGJJJNSJ`, `ZFGJJJNNS`, `SWWSZMQX`, `WSNS`, `YEZZ`, `BYXX`, `BYZH`, `BYSJ`, `XL`, `ZC`, `ZYZG`, `SLR`, `ZJLB`, `ZZZH`, `ZYZT`, `HZLX`, `SLBH`, `QS`, `YHND`, `DABH`, `HTQDSJZ`, `SFYPZ`, `BJQSQLX`, `HCZT`, `STOPFLAG`, `SQBZLX`, `YXBZLX`, `HCBH`, `SXH`, `YEZZH`, `ZCHM`, `JPZZGZH`, `ZXYY`, `ZXSJ`, `PZLX`, `HBBTBZ`, `HBBTXS`, `YHBBTJE`)
VALUES
	(26138,20333,11141321,'233001','2014',153555,153555,'田佩军','37132519700221****',44,'14303484-9','杭州市公共交通集团有限公司',153556,153556,'党连红','37283119720103****',NULL,NULL,NULL,298356,244986,4,65499,16375,NULL,NULL,NULL,NULL,NULL,NULL,NULL,NULL,NULL,NULL,NULL,3,4,NULL,NULL,NULL,NULL,3,NULL,NULL,NULL,NULL,NULL,NULL,NULL,NULL,NULL,NULL,NULL,NULL,NULL,NULL,0,NULL,NULL,0,'2014-12-02',NULL,2,NULL,NULL,NULL,2,1,'2014-10-08',1,'2014-12-11',3,'2011-01-01',6,'2012-09-01',25,NULL,NULL,NULL,NULL,NULL,NULL,NULL,NULL,NULL,NULL,3,'王俊超',NULL,'330105201400057495',16401,0,'23300100-141009-11141321',2,'2014','20143563','2016-12-31',0,NULL,1,0,0,NULL,24232,NULL,NULL,NULL,NULL,NULL,NULL,NULL,NULL,NULL,NULL),
	(26139,18624,11112686,'233001','2014',147849,147849,'金俊','33012519761004****',37,'75590773-5','民生人寿保险股份有限公司浙江分公司',NULL,NULL,NULL,NULL,NULL,NULL,NULL,298357,237722,2,58568,29284,15,NULL,NULL,NULL,NULL,NULL,NULL,NULL,NULL,NULL,NULL,2,2,NULL,NULL,NULL,NULL,3,NULL,NULL,NULL,NULL,NULL,NULL,NULL,NULL,NULL,NULL,NULL,NULL,NULL,NULL,0,NULL,NULL,0,'2014-12-02',NULL,4,NULL,NULL,NULL,0,1,'2014-09-23',1,'2014-12-11',3,NULL,NULL,NULL,NULL,NULL,NULL,NULL,NULL,NULL,NULL,NULL,NULL,NULL,NULL,NULL,'毛俞平',NULL,NULL,16401,0,'23300100-140904-11112686',2,'2014','20144660',NULL,0,NULL,1,0,0,NULL,22156,NULL,NULL,NULL,NULL,NULL,NULL,NULL,NULL,NULL,NULL),
	(26170,19528,11127205,'233001','2014',150879,150879,'刘红强','41232419781116****',35,'08885129-8','杭州市公共交通集团有限公司第六汽车分公司',150880,150880,'孙冬华','41232419790216****',NULL,NULL,NULL,298397,241742,3,73119,24373,NULL,NULL,NULL,NULL,NULL,NULL,NULL,NULL,NULL,NULL,NULL,3,3,NULL,NULL,NULL,NULL,3,NULL,NULL,NULL,NULL,NULL,NULL,NULL,NULL,NULL,NULL,NULL,NULL,NULL,NULL,0,NULL,NULL,0,'2014-12-02',NULL,2,NULL,NULL,NULL,2,1,'2014-09-28',1,'2014-12-11',3,'2011-08-16',6,'2012-07-01',26,NULL,NULL,NULL,NULL,NULL,NULL,NULL,NULL,NULL,NULL,3,'王俊超',NULL,'330106201400211755',16401,0,'23300100-140909-11127205',2,'2014','20143730','2017-08-15',0,NULL,1,0,0,NULL,23251,NULL,NULL,'1416140000301649',NULL,NULL,NULL,NULL,NULL,NULL,NULL),
	(26173,17052,11084135,'233001','2014',138186,138186,'赖林敏','36042419751015****',38,'14303484-9','杭州市公共交通集团有限公司',138187,138187,'刘敏芝','36042419790715****',NULL,NULL,'浙江北斗星人力资源有限公司',298412,225881,4,77125,19281,NULL,NULL,NULL,NULL,NULL,NULL,NULL,NULL,NULL,NULL,NULL,3,4,NULL,NULL,NULL,NULL,3,NULL,NULL,NULL,NULL,NULL,NULL,NULL,NULL,NULL,NULL,NULL,NULL,NULL,NULL,0,NULL,NULL,0,'2014-12-02',NULL,2,NULL,NULL,NULL,2,1,'2014-09-10',1,'2014-12-11',3,'2011-01-01',5,'2012-07-01',26,NULL,NULL,NULL,NULL,NULL,NULL,NULL,NULL,NULL,NULL,3,'王俊超',NULL,'330106201400113427',16401,0,'23300100-140909-11084135',2,'2014','20143737','2015-12-31',0,NULL,1,0,0,NULL,20314,NULL,NULL,'1411010000303629',NULL,NULL,NULL,NULL,NULL,NULL,NULL),
	(26178,17532,11094379,'233001','2014',140208,140208,'陶泓铭','53030219861209****',27,'72008430-2','浙江雷博人力资源开发有限公司',NULL,NULL,NULL,NULL,NULL,NULL,NULL,298418,230071,1,37970,37970,NULL,NULL,NULL,NULL,NULL,NULL,NULL,NULL,NULL,NULL,NULL,1,1,NULL,NULL,NULL,NULL,3,NULL,NULL,NULL,NULL,NULL,NULL,NULL,NULL,NULL,NULL,NULL,NULL,NULL,NULL,0,NULL,NULL,0,'2014-12-02',NULL,2,NULL,NULL,NULL,1,1,'2014-09-15',1,'2014-12-11',3,'2013-03-01',2,'2013-03-01',18,NULL,NULL,NULL,NULL,NULL,'浙江财经学院','114821201202000245','2012-03-12',2,NULL,NULL,'王俊超',NULL,'330106201300034014',16401,0,'23300100-140909-11094379',2,'2014','20143741','2015-02-28',0,NULL,1,0,0,NULL,20962,NULL,NULL,NULL,NULL,NULL,NULL,NULL,NULL,NULL,NULL),
	(26264,17689,11097677,'233001','2014',140710,140710,'徐海英','33052119880401****',26,'05131800-0','浙江泽汉律师事务所',NULL,NULL,NULL,NULL,NULL,NULL,NULL,298641,231040,1,18000,18000,NULL,NULL,NULL,NULL,NULL,NULL,NULL,NULL,NULL,NULL,NULL,1,1,NULL,NULL,NULL,NULL,3,NULL,NULL,NULL,NULL,NULL,NULL,NULL,NULL,NULL,NULL,NULL,NULL,NULL,NULL,0,NULL,NULL,0,'2014-12-02',NULL,5,NULL,NULL,NULL,1,1,'2014-09-16',1,'2014-12-11',3,'2012-09-30',2,'2012-10-01',23,NULL,NULL,NULL,NULL,NULL,'西南政法大学',NULL,'2012-07-01',1,NULL,NULL,'戚红霞',NULL,'330106201400222452',16401,0,'23300100-140911-11097677',2,'2014','20145088','2014-09-29',0,NULL,1,0,0,NULL,21198,NULL,NULL,NULL,NULL,NULL,NULL,NULL,NULL,NULL,NULL),
	(26316,17747,11098265,'233001','2014',140906,140906,'金鑫','21011119890322****',25,'72005178-9','杭州华光计算机工程有限公司',140907,140907,'祝建仁','33068119871205****',NULL,NULL,'杭州杭真真空工程技术有限公司',298796,231515,2,65486,32743,NULL,NULL,NULL,NULL,NULL,NULL,NULL,NULL,NULL,NULL,NULL,2,2,NULL,NULL,NULL,NULL,3,NULL,NULL,NULL,NULL,NULL,NULL,NULL,NULL,NULL,NULL,NULL,NULL,NULL,NULL,0,NULL,NULL,0,'2014-12-02',NULL,5,NULL,NULL,NULL,1,1,'2014-09-16',1,'2014-12-11',3,'2014-01-21',1,'2012-09-01',24,NULL,NULL,NULL,NULL,NULL,'大连大学',NULL,'2011-07-15',1,NULL,NULL,'戚红霞',NULL,'330106201400058086',16401,0,'23300100-140911-11098265',2,'2014','20145094','2015-01-20',0,NULL,1,0,0,NULL,21271,NULL,NULL,NULL,NULL,NULL,NULL,NULL,NULL,NULL,NULL),
	(26318,18514,11111263,'233001','2014',146986,146986,'陈东群','34210119800208****',34,'L7271300-2','杭州市西湖区道天饮食店',146987,146987,'范晓兰','34122219810811****',NULL,NULL,NULL,298801,237068,4,27272,6818,NULL,NULL,NULL,NULL,NULL,NULL,NULL,NULL,NULL,NULL,NULL,3,4,NULL,NULL,NULL,NULL,3,NULL,NULL,NULL,NULL,NULL,NULL,NULL,NULL,NULL,NULL,NULL,NULL,NULL,NULL,0,NULL,NULL,0,'2014-12-02',NULL,5,NULL,NULL,NULL,2,1,'2014-09-22',1,'2014-12-11',3,'2013-05-01',2,'2012-09-01',24,NULL,NULL,NULL,NULL,NULL,NULL,NULL,NULL,NULL,NULL,3,'戚红霞',NULL,'330106201400262841',16401,0,'23300100-140911-11111263',2,'2014','20145039','2015-04-30',0,NULL,1,0,0,NULL,22068,NULL,NULL,NULL,NULL,NULL,NULL,NULL,NULL,NULL,NULL),
	(26343,17041,11083439,'233001','2014',138045,138045,'谢志专','43048119840908****',30,'75953196-6','杭州市西湖区城建建设中心',138046,138046,'李慧明','43052719841118****',NULL,NULL,'港中旅（安吉）旅游发展有限公司',298815,225554,3,80104,26701,NULL,NULL,NULL,NULL,NULL,NULL,NULL,NULL,NULL,NULL,NULL,3,3,NULL,NULL,NULL,NULL,3,NULL,NULL,NULL,NULL,NULL,NULL,NULL,NULL,NULL,NULL,NULL,NULL,NULL,NULL,0,NULL,NULL,0,'2014-12-02',NULL,5,NULL,NULL,NULL,1,1,'2014-09-10',1,'2014-12-11',3,'2012-07-03',3,'2011-06-01',39,NULL,NULL,NULL,NULL,NULL,'浙江大学',NULL,'2011-03-30',2,NULL,NULL,'戚红霞',NULL,NULL,16401,0,'23300100-140911-11083439',2,'2014','20145134','2015-07-03',0,NULL,1,0,0,NULL,20280,NULL,NULL,NULL,NULL,NULL,NULL,NULL,NULL,NULL,NULL),
	(26346,17044,11083683,'233001','2014',137953,137953,'冯岚靖','61210219780310****',36,'60913544-X','杭州肯德基有限公司',138074,138074,'陈江燕','61210219790819****',NULL,NULL,NULL,298841,225593,3,45897,15299,NULL,NULL,NULL,NULL,NULL,NULL,NULL,NULL,NULL,NULL,NULL,3,3,NULL,NULL,NULL,NULL,3,NULL,NULL,NULL,NULL,NULL,NULL,NULL,NULL,NULL,NULL,NULL,NULL,NULL,NULL,0,NULL,NULL,0,'2014-12-02',NULL,5,NULL,NULL,NULL,2,1,'2014-09-10',1,'2014-12-11',3,'2012-07-09',3,'2012-09-01',24,NULL,NULL,NULL,NULL,NULL,NULL,NULL,NULL,NULL,NULL,3,'戚红霞',NULL,'330105201400015075',16401,0,'23300100-140911-11083683',2,'2014','20145136','2015-07-08',0,NULL,1,0,0,NULL,20288,NULL,NULL,NULL,NULL,NULL,NULL,NULL,NULL,NULL,NULL),
	(26347,16944,11078284,'233001','2014',135980,135980,'王鹏','33010219841128****',29,'05014640-3','浙江省知识产权研究与服务中心',NULL,NULL,NULL,NULL,NULL,NULL,NULL,298845,223638,1,24281,24281,30,NULL,NULL,NULL,NULL,NULL,NULL,NULL,NULL,NULL,NULL,1,1,NULL,NULL,NULL,NULL,3,NULL,NULL,NULL,NULL,NULL,NULL,NULL,NULL,NULL,NULL,NULL,NULL,NULL,NULL,0,NULL,NULL,0,'2014-12-02',NULL,5,NULL,NULL,NULL,0,1,'2014-09-09',1,'2014-12-11',3,NULL,NULL,NULL,NULL,NULL,NULL,NULL,NULL,NULL,NULL,NULL,NULL,NULL,NULL,NULL,'戚红霞',NULL,NULL,16401,0,'23300100-140911-11078284',2,'2014','20145137',NULL,0,NULL,1,0,0,NULL,20103,NULL,NULL,NULL,NULL,NULL,NULL,NULL,NULL,NULL,NULL),
	(26383,17886,11101151,'233001','2014',141877,141877,'张敬喜','34242319770908****',37,'14308737-7','杭州浙大同力后勤集团有限公司',141878,141878,'何照丽','34242319750227****',NULL,NULL,'杭州肯德基有限公司',298923,232751,3,66839,22280,NULL,NULL,NULL,NULL,NULL,NULL,NULL,NULL,NULL,NULL,NULL,3,3,NULL,NULL,NULL,NULL,3,NULL,NULL,NULL,NULL,NULL,NULL,NULL,NULL,NULL,NULL,NULL,NULL,NULL,NULL,0,NULL,NULL,0,'2014-12-02',NULL,5,NULL,NULL,NULL,2,1,'2014-09-17',1,'2014-12-11',3,'2011-07-26',5,'2012-09-01',24,NULL,NULL,NULL,NULL,NULL,NULL,NULL,NULL,NULL,NULL,3,'戚红霞',NULL,'33010520130082539',16401,0,'23300100-140911-11101151',2,'2014','20145082','2016-07-25',0,NULL,1,0,0,NULL,21429,NULL,NULL,NULL,NULL,NULL,NULL,NULL,NULL,NULL,NULL),
	(26390,16734,11073266,'233001','2014',133590,133590,'刘璇','37061219830529****',31,'72587357-0','杭州大阳化工有限公司',133591,133591,'张成华','33012219820506****',NULL,NULL,NULL,298933,220845,3,36414,12138,8,NULL,NULL,NULL,NULL,NULL,NULL,NULL,NULL,NULL,NULL,3,3,NULL,NULL,NULL,NULL,3,NULL,NULL,NULL,NULL,NULL,NULL,NULL,NULL,NULL,NULL,NULL,NULL,NULL,NULL,0,NULL,NULL,0,'2014-12-02',NULL,5,NULL,NULL,NULL,0,1,'2014-09-04',1,'2014-12-11',3,NULL,NULL,NULL,NULL,NULL,NULL,NULL,NULL,NULL,NULL,NULL,NULL,NULL,NULL,NULL,'戚红霞',NULL,NULL,16401,0,'23300100-140911-11073266',2,'2014','20145925',NULL,0,NULL,1,0,0,NULL,19930,NULL,NULL,NULL,NULL,NULL,NULL,NULL,NULL,NULL,NULL),
	(26413,17763,11098209,'233001','2014',140922,140922,'吴林美','36232319900105****',24,'56058500-0','杭州重熏堂品牌设计有限公司',NULL,NULL,NULL,NULL,NULL,NULL,NULL,299130,231521,1,21588,21588,NULL,NULL,NULL,NULL,NULL,NULL,NULL,NULL,NULL,NULL,NULL,1,1,NULL,NULL,NULL,NULL,3,NULL,NULL,NULL,NULL,NULL,NULL,NULL,NULL,NULL,NULL,NULL,NULL,NULL,NULL,0,NULL,NULL,0,'2014-12-02',NULL,2,NULL,NULL,NULL,1,1,'2014-09-16',1,'2014-12-11',3,'2012-10-01',2,'2012-10-01',23,NULL,NULL,NULL,NULL,NULL,'广西艺术学院',NULL,'2012-06-14',1,NULL,NULL,'王俊超',NULL,'330105201400156224',16401,0,'23300100-140909-11098209',2,'2014','20143971','2014-09-30',0,NULL,1,0,0,NULL,21267,NULL,NULL,NULL,NULL,NULL,NULL,NULL,NULL,NULL,NULL),
	(26419,19438,11125121,'233001','2014',150381,150381,'张忠明','33012419730118****',41,'73604690-9','杭州长运客运旅游有限公司',150382,150382,'朱光翠','34252319730329****',NULL,NULL,NULL,299173,241422,3,56596,18865,NULL,NULL,NULL,NULL,NULL,NULL,NULL,NULL,NULL,NULL,NULL,3,3,NULL,NULL,NULL,NULL,3,NULL,NULL,NULL,NULL,NULL,NULL,NULL,NULL,NULL,NULL,NULL,NULL,NULL,NULL,0,NULL,NULL,0,'2014-12-02',NULL,3,NULL,NULL,NULL,2,1,'2014-09-26',1,'2014-12-11',3,'2013-08-01',3,'2013-08-01',13,NULL,NULL,NULL,NULL,NULL,NULL,NULL,NULL,NULL,NULL,3,'唐红萍',NULL,'330105201400003916',16401,0,'23300100-140910-11125121',2,'2014','20142922','2016-07-31',0,NULL,1,0,1,1,23060,NULL,NULL,'1411010000307918',NULL,NULL,NULL,NULL,NULL,NULL,NULL),
	(26459,19636,11129553,'233001','2014',151270,151270,'韩琦','33010419821117****',31,'56608295-7','杭州若备雅贸易有限公司',NULL,NULL,NULL,NULL,NULL,NULL,NULL,299243,242275,1,17640,17640,32,NULL,NULL,NULL,NULL,NULL,NULL,NULL,NULL,NULL,NULL,1,1,NULL,NULL,NULL,NULL,3,NULL,NULL,NULL,NULL,NULL,NULL,NULL,NULL,NULL,NULL,NULL,NULL,NULL,NULL,0,NULL,NULL,0,'2014-12-02',NULL,3,NULL,NULL,NULL,0,1,'2014-09-28',1,'2014-12-11',3,NULL,NULL,NULL,NULL,NULL,NULL,NULL,NULL,NULL,NULL,NULL,NULL,NULL,NULL,NULL,'唐红萍',NULL,NULL,16401,0,'23300100-140910-11129553',2,'2014','20142837',NULL,0,NULL,1,0,0,NULL,23412,NULL,NULL,NULL,NULL,NULL,NULL,NULL,NULL,NULL,NULL),
	(26472,19452,11125243,'233001','2014',150482,150482,'俞达飞','33900519880428****',26,'78829049-5','杭州精诚劳动事务代理服务有限公司',NULL,NULL,NULL,NULL,NULL,NULL,NULL,299307,241484,1,10000,10000,NULL,NULL,NULL,NULL,NULL,NULL,NULL,NULL,NULL,NULL,NULL,1,1,NULL,NULL,NULL,NULL,3,NULL,NULL,NULL,NULL,NULL,NULL,NULL,NULL,NULL,NULL,NULL,NULL,NULL,NULL,0,NULL,NULL,0,'2014-12-02',NULL,3,NULL,NULL,NULL,1,1,'2014-09-26',1,'2014-12-11',3,'2014-03-01',2,'2014-03-01',6,NULL,NULL,NULL,NULL,NULL,'浙江理工大学','132801201005001448','2010-06-01',1,NULL,NULL,'马振华',NULL,NULL,16401,0,'23300100-140910-11125243',2,'2014','20142906','2016-12-31',0,NULL,1,0,0,NULL,23104,NULL,NULL,NULL,NULL,NULL,NULL,NULL,NULL,NULL,NULL),
	(26490,17814,11099556,'233001','2014',141119,141119,'陈文达','35262219770405****',37,'66231993-4','杭州佳时通讯技术有限公司',141120,141120,'丁月飞','33052119791003****',NULL,NULL,'杭州佳时通讯技术有限公司',299375,232092,3,32183,10728,NULL,NULL,NULL,NULL,NULL,NULL,NULL,NULL,NULL,NULL,NULL,3,3,NULL,NULL,NULL,NULL,3,NULL,NULL,NULL,NULL,NULL,NULL,NULL,NULL,NULL,NULL,NULL,NULL,NULL,NULL,0,NULL,NULL,0,'2014-12-02',NULL,2,NULL,NULL,NULL,2,1,'2014-09-17',1,'2014-12-11',3,'2007-07-01',7,'2012-07-01',26,NULL,NULL,NULL,NULL,NULL,NULL,NULL,NULL,NULL,NULL,3,'王俊超',NULL,'330103201400074739',16401,0,'23300100-140909-11099556',2,'2014','20143972','2014-09-17',0,NULL,1,0,0,NULL,21356,NULL,NULL,NULL,NULL,NULL,NULL,NULL,NULL,NULL,NULL),
	(26492,18547,11111598,'233001','2014',147214,147214,'章昱','33012219871106****',26,'56058741-X','杭州点告网络技术有限公司',NULL,NULL,NULL,NULL,NULL,NULL,NULL,299378,237267,1,24785,24785,NULL,NULL,NULL,NULL,NULL,NULL,NULL,NULL,NULL,NULL,NULL,1,1,NULL,NULL,NULL,NULL,3,NULL,NULL,NULL,NULL,NULL,NULL,NULL,NULL,NULL,NULL,NULL,NULL,NULL,NULL,0,NULL,NULL,0,'2014-12-02',NULL,3,NULL,NULL,NULL,1,1,'2014-09-23',1,'2014-12-11',3,'2013-11-01',1,'2011-06-01',39,NULL,NULL,NULL,NULL,NULL,'杭州师范大学','132861201005650045','2010-07-01',1,NULL,NULL,'唐红萍',NULL,NULL,16401,0,'23300100-140910-11111598',2,'2014','20142892','2014-12-31',0,NULL,1,0,0,NULL,22092,NULL,NULL,NULL,NULL,NULL,NULL,NULL,NULL,NULL,NULL),
	(26495,17681,11097401,'233001','2014',140692,140692,'王仙玉','33252219860207****',28,'78465193-5','浙江养生堂实业发展有限公司',140693,140693,'李玉伟','37083019840424****',NULL,NULL,'浙江中小企业大厦物业管理有限公司',299388,230919,2,77954,38977,NULL,NULL,NULL,NULL,NULL,NULL,NULL,NULL,NULL,NULL,NULL,2,2,NULL,NULL,NULL,NULL,3,NULL,NULL,NULL,NULL,NULL,NULL,NULL,NULL,NULL,NULL,NULL,NULL,NULL,NULL,0,NULL,NULL,0,'2014-12-02',NULL,5,NULL,NULL,NULL,2,1,'2014-09-16',1,'2014-12-11',3,'2011-03-24',4,'2011-03-24',41,NULL,NULL,NULL,NULL,NULL,NULL,NULL,NULL,NULL,2,NULL,'戚红霞',NULL,NULL,16401,0,'23300100-140911-11097401',2,'2014','20145401','2015-03-24',0,NULL,1,0,0,NULL,21181,NULL,NULL,NULL,NULL,NULL,NULL,NULL,NULL,NULL,NULL),
	(26497,16992,11081086,'233001','2014',137594,137594,'彭金敖','33108119840512****',30,'59661046-6','江苏元达文化创意有限公司浙江分公司',137595,137595,'方晓芬','33038119871025****',NULL,NULL,'杭州智光一创科技有限公司',299425,224948,3,93040,31013,NULL,NULL,NULL,NULL,NULL,NULL,NULL,NULL,NULL,NULL,NULL,3,3,NULL,NULL,NULL,NULL,3,NULL,NULL,NULL,NULL,NULL,NULL,NULL,NULL,NULL,NULL,NULL,NULL,NULL,NULL,0,NULL,NULL,0,'2014-12-02',NULL,5,NULL,NULL,NULL,1,1,'2014-09-10',1,'2014-12-11',3,'2011-11-20',2,'2011-11-01',34,NULL,NULL,NULL,NULL,NULL,'浙江师范大学',NULL,'2008-06-19',1,NULL,NULL,'戚红霞',NULL,'330105201400006915',16401,0,'23300100-140911-11081086',2,'2014','20145360','2014-10-01',0,NULL,1,0,0,NULL,20211,NULL,NULL,NULL,NULL,NULL,NULL,NULL,NULL,NULL,NULL),
	(26537,18523,11111409,'233001','2014',147170,147170,'叶典贤','33018219890414****',25,'76017387-9','浙江立德产品技术有限公司',NULL,NULL,NULL,NULL,NULL,NULL,NULL,299524,237218,1,40996,40996,NULL,NULL,NULL,NULL,NULL,NULL,NULL,NULL,NULL,NULL,NULL,1,1,NULL,NULL,NULL,NULL,3,NULL,NULL,NULL,NULL,NULL,NULL,NULL,NULL,NULL,NULL,NULL,NULL,NULL,NULL,0,NULL,NULL,0,'2014-12-02',NULL,3,NULL,NULL,NULL,1,1,'2014-09-23',1,'2014-12-11',3,'2012-05-16',3,'2011-08-26',36,NULL,NULL,NULL,NULL,NULL,'湖州师范学院求真学院','132871201105001423','2011-07-01',1,NULL,NULL,'唐红萍',NULL,NULL,16401,0,'23300100-140910-11111409',2,'2014','20142891','2015-05-15',0,NULL,1,0,0,NULL,22078,NULL,NULL,NULL,NULL,NULL,NULL,NULL,NULL,NULL,NULL),
	(26540,18035,11103684,'233001','2014',142723,142723,'吴程','34082619740829****',40,'71957017-8','浙江名莎服饰有限公司',142724,142724,'朱玉春','34082619770205****',NULL,NULL,'浙江海明控股',299533,234237,4,68626,17157,NULL,NULL,NULL,NULL,NULL,NULL,NULL,NULL,NULL,NULL,NULL,3,4,NULL,NULL,NULL,NULL,3,NULL,NULL,NULL,NULL,NULL,NULL,NULL,NULL,NULL,NULL,NULL,NULL,NULL,NULL,0,NULL,NULL,0,'2014-12-02',NULL,3,NULL,NULL,NULL,2,1,'2014-09-18',1,'2014-12-11',3,'2012-08-01',2,'2001-10-01',155,NULL,NULL,NULL,NULL,NULL,NULL,NULL,NULL,NULL,2,NULL,'唐红萍',NULL,NULL,16401,0,'23300100-140910-11103684',2,'2014','20142889','2015-07-30',0,NULL,1,0,0,NULL,21597,NULL,NULL,'Z330100000181',NULL,NULL,NULL,NULL,NULL,NULL,NULL),
	(26566,18736,11114567,'233001','2014',148250,148250,'赖章国','33082219770405****',37,'66804728-X','杭州翼才企业管理咨询有限公司',148251,148251,'江小美','33082219900504****',NULL,NULL,NULL,299545,238309,3,21607,7202,NULL,NULL,NULL,NULL,NULL,NULL,NULL,NULL,NULL,NULL,NULL,3,3,NULL,NULL,NULL,NULL,3,NULL,NULL,NULL,NULL,NULL,NULL,NULL,NULL,NULL,NULL,NULL,NULL,NULL,NULL,0,NULL,NULL,0,'2014-12-02',NULL,3,NULL,NULL,NULL,2,1,'2014-09-23',1,'2014-12-11',3,'2009-09-01',5,'2009-09-01',60,NULL,NULL,NULL,NULL,NULL,NULL,NULL,NULL,NULL,NULL,3,'唐红萍',NULL,'330106201300356303',16401,0,'23300100-140910-11114567',2,'2014','20142847','2014-12-31',0,NULL,1,0,0,NULL,22299,NULL,NULL,'0711010000303476',NULL,NULL,NULL,NULL,NULL,NULL,NULL),
	(26567,18354,11108628,'233001','2014',143783,143783,'徐芳','36232119870611****',27,'47018019-X','杭州市健康实验学校',143784,143784,'景海豹','15262719850430****',NULL,NULL,'杭州和平鸽教育咨询有限公司',299549,235795,2,54401,27201,NULL,NULL,NULL,NULL,NULL,NULL,NULL,NULL,NULL,NULL,NULL,2,2,NULL,NULL,NULL,NULL,3,NULL,NULL,NULL,NULL,NULL,NULL,NULL,NULL,NULL,NULL,NULL,NULL,NULL,NULL,0,NULL,NULL,0,'2014-12-02',NULL,2,NULL,NULL,NULL,1,1,'2014-09-22',1,'2014-12-11',3,'2013-09-01',2,NULL,NULL,'2012-09-24',23,NULL,NULL,NULL,'华东师范大学',NULL,'2012-05-05',2,NULL,NULL,'王俊超',NULL,NULL,16401,0,'23300100-140909-11108628',2,'2014','20143962','2015-08-31',0,NULL,1,0,0,NULL,21852,NULL,NULL,NULL,NULL,NULL,NULL,NULL,NULL,NULL,NULL),
	(26568,18667,11113845,'233001','2014',148049,148049,'刘亚平','36042819900227****',24,'69984632-4','杭州万聚投资管理有限公司',NULL,NULL,NULL,NULL,NULL,NULL,NULL,299550,238027,1,39289,39289,NULL,NULL,NULL,NULL,NULL,NULL,NULL,NULL,NULL,NULL,NULL,1,1,NULL,NULL,NULL,NULL,3,NULL,NULL,NULL,NULL,NULL,NULL,NULL,NULL,NULL,NULL,NULL,NULL,NULL,NULL,0,NULL,NULL,0,'2014-12-02',NULL,3,NULL,NULL,NULL,2,1,'2014-09-23',1,'2014-12-11',3,'2011-08-15',3,'2011-09-15',36,NULL,NULL,NULL,NULL,NULL,NULL,NULL,NULL,NULL,NULL,3,'唐红萍',NULL,'330105201300271265',16401,0,'23300100-140910-11113845',2,'2014','20142885','2014-12-31',0,NULL,1,0,0,NULL,22233,NULL,NULL,'0914000000301117',NULL,NULL,NULL,NULL,NULL,NULL,NULL),
	(26579,17652,11096561,'233001','2014',140547,140547,'林雪怡','33108119920208****',22,'47005173-4','浙江医院',NULL,NULL,NULL,NULL,NULL,NULL,NULL,299616,230783,1,13229,13229,NULL,NULL,NULL,NULL,NULL,NULL,NULL,NULL,NULL,NULL,NULL,1,1,NULL,NULL,NULL,NULL,3,NULL,NULL,NULL,NULL,NULL,NULL,NULL,NULL,NULL,NULL,NULL,NULL,NULL,NULL,0,NULL,NULL,0,'2014-12-02',NULL,8,NULL,NULL,NULL,1,1,'2014-09-16',1,'2014-12-11',3,'2013-07-22',4,'2013-07-01',14,NULL,NULL,NULL,NULL,NULL,'天津医科大学',NULL,'2013-06-24',1,NULL,NULL,'於蕾',NULL,NULL,16401,0,'23300100-140903-11096561',2,'2014','20143490','2018-06-30',0,NULL,1,0,0,NULL,21125,NULL,NULL,NULL,NULL,NULL,NULL,NULL,NULL,NULL,NULL),
	(26584,18092,11104833,'233001','2014',142914,142914,'赵静','33010419790616****',35,NULL,NULL,142915,142915,'沈旭东','33052219740301****',NULL,NULL,'杭州艺海古建筑园林装饰工程有限公司',299626,234646,2,38034,19017,35,NULL,NULL,NULL,NULL,NULL,NULL,NULL,NULL,NULL,NULL,2,2,NULL,NULL,NULL,NULL,3,NULL,NULL,NULL,NULL,NULL,NULL,NULL,NULL,NULL,NULL,NULL,NULL,NULL,NULL,0,NULL,NULL,0,'2014-12-02',NULL,3,NULL,305,NULL,0,0,'2014-09-18',1,'2014-12-11',3,NULL,NULL,NULL,NULL,NULL,NULL,NULL,NULL,NULL,NULL,NULL,NULL,NULL,NULL,NULL,'唐红萍',NULL,NULL,16403,0,'23300100-140910-11104833',2,'2014','20145948',NULL,0,NULL,1,0,0,NULL,21676,NULL,NULL,NULL,NULL,NULL,NULL,NULL,NULL,NULL,NULL),
	(26586,17770,11098443,'233001','2014',140949,140949,'江张平','34082619780806****',36,'74717209-7','杭州佳辰汽车配件销售有限公司',140950,140950,'石江洪','34082619790608****',NULL,NULL,'杭州欧尚超市有限公司',299629,231641,4,44313,11078,NULL,NULL,NULL,NULL,NULL,NULL,NULL,NULL,NULL,NULL,NULL,3,4,NULL,NULL,NULL,NULL,3,NULL,NULL,NULL,NULL,NULL,NULL,NULL,NULL,NULL,NULL,NULL,NULL,NULL,NULL,0,NULL,NULL,0,'2014-12-02',NULL,2,NULL,NULL,NULL,2,1,'2014-09-16',1,'2014-12-11',3,'2013-01-01',5,'2012-07-01',26,NULL,NULL,NULL,NULL,NULL,NULL,NULL,NULL,NULL,NULL,3,'王俊超',NULL,'330105201200288114',16401,0,'23300100-140909-11098443',2,'2014','20143955','2017-12-31',0,NULL,1,0,0,NULL,21286,NULL,NULL,NULL,NULL,NULL,NULL,NULL,NULL,NULL,NULL),
	(26643,19258,11122095,'233001','2014',149933,149933,'胡苗建','34082719860319****',28,'74292466-7','杭州威力克通信系统有限公司',149934,149934,'张蓓倍','41128219860927****',NULL,NULL,'西湖区就业管理服务处',299755,240725,2,61581,30790,NULL,NULL,NULL,NULL,NULL,NULL,NULL,NULL,NULL,NULL,NULL,2,2,NULL,NULL,NULL,NULL,3,NULL,NULL,NULL,NULL,NULL,NULL,NULL,NULL,NULL,NULL,NULL,NULL,NULL,NULL,0,NULL,NULL,0,'2014-12-02',NULL,5,NULL,NULL,NULL,1,1,'2014-09-26',1,'2014-12-11',3,'2013-04-01',3,'2013-04-09',17,NULL,NULL,NULL,NULL,NULL,'黄山学院',NULL,'2009-07-01',1,NULL,NULL,'戚红霞',NULL,NULL,16401,0,'23300100-140911-11122095',2,'2014','20145177','2016-04-01',0,NULL,1,0,0,NULL,22877,NULL,NULL,NULL,NULL,NULL,NULL,NULL,NULL,NULL,NULL),
	(26645,18923,11117894,'233001','2014',148944,148944,'罗联岑','35048119871101****',26,'76203069-5','康纳新型材料（杭州）有限公司',NULL,NULL,NULL,NULL,NULL,NULL,NULL,299779,239147,1,38805,38805,NULL,NULL,NULL,NULL,NULL,NULL,NULL,NULL,NULL,NULL,NULL,1,1,NULL,NULL,NULL,NULL,3,NULL,NULL,NULL,NULL,NULL,NULL,NULL,NULL,NULL,NULL,NULL,NULL,NULL,NULL,0,NULL,NULL,0,'2014-12-02',NULL,5,NULL,NULL,NULL,1,1,'2014-09-24',1,'2014-12-11',3,'2013-08-06',3,'2013-08-06',13,NULL,NULL,NULL,NULL,NULL,'中南大学',NULL,'2010-06-25',1,NULL,NULL,'戚红霞',NULL,'330106201400260399',16401,0,'23300100-140911-11117894',2,'2014','20145176','2016-08-05',0,NULL,1,0,0,NULL,22510,NULL,NULL,NULL,NULL,NULL,NULL,NULL,NULL,NULL,NULL),
	(26646,19327,11122843,'233001','2014',150011,150011,'杨学军','41042119700207****',44,'08885129-8','杭州市公共交通集团有限公司第六汽车分公司',150012,150012,'贺六红','41042119700722****',NULL,NULL,NULL,299782,240902,3,55140,18380,NULL,NULL,NULL,NULL,NULL,NULL,NULL,NULL,NULL,NULL,NULL,3,3,NULL,NULL,NULL,NULL,3,NULL,NULL,NULL,NULL,NULL,NULL,NULL,NULL,NULL,NULL,NULL,NULL,NULL,NULL,0,NULL,NULL,0,'2014-12-02',NULL,2,NULL,NULL,NULL,2,1,'2014-09-26',1,'2014-12-11',3,'2011-11-08',5,'2012-07-01',26,NULL,NULL,NULL,NULL,NULL,NULL,NULL,NULL,NULL,NULL,3,'王俊超',NULL,'330103201400080087',16401,0,'23300100-140909-11122843',2,'2014','20143467','2016-11-07',0,NULL,1,0,0,NULL,22943,NULL,NULL,NULL,NULL,NULL,NULL,NULL,NULL,NULL,NULL),
	(26656,19276,11122393,'233001','2014',149958,149958,'陈芳','42050319781123****',35,'70420096-7','浙江大酒店有限公司',NULL,NULL,NULL,NULL,NULL,NULL,NULL,299809,240789,1,23118,23118,NULL,NULL,NULL,NULL,NULL,NULL,NULL,NULL,NULL,NULL,NULL,1,1,NULL,NULL,NULL,NULL,3,NULL,NULL,NULL,NULL,NULL,NULL,NULL,NULL,NULL,NULL,NULL,NULL,NULL,NULL,0,NULL,NULL,0,'2014-12-02',NULL,2,NULL,NULL,NULL,2,1,'2014-09-26',1,'2014-12-11',3,'2014-04-01',2,'2012-09-01',24,NULL,NULL,NULL,NULL,NULL,NULL,NULL,NULL,NULL,NULL,3,'王俊超',NULL,'330103201400094014',16401,0,'23300100-140909-11122393',2,'2014','20143660','2016-03-31',0,NULL,1,0,0,NULL,22892,NULL,NULL,'1311010000311691',NULL,NULL,NULL,NULL,NULL,NULL,NULL),
	(26660,18031,11103125,'233001','2014',142692,142692,'姚成娥','32091119880104****',26,'14304247-8','杭州朱养心药业有限公司',142693,142693,'梁金奎','63212419870419****',NULL,NULL,'杭州中美华东制药有限公司',299819,233967,3,70392,23464,NULL,NULL,NULL,NULL,NULL,NULL,NULL,NULL,NULL,NULL,NULL,3,3,NULL,NULL,NULL,NULL,3,NULL,NULL,NULL,NULL,NULL,NULL,NULL,NULL,NULL,NULL,NULL,NULL,NULL,NULL,0,NULL,NULL,0,'2014-12-02',NULL,4,NULL,NULL,NULL,1,1,'2014-09-18',1,'2014-12-11',3,'2012-04-01',5,'2012-08-01',25,NULL,NULL,NULL,NULL,NULL,'中国计量学院','103561201005002096','2010-06-30',1,NULL,NULL,'喻冬琴',NULL,'330105201400244981',16401,0,'23300100-140904-11103125',2,'2014','20144745','2017-03-31',0,NULL,1,0,0,NULL,21591,NULL,NULL,NULL,NULL,NULL,NULL,NULL,NULL,NULL,NULL),
	(26661,18143,11104978,'233001','2014',142974,142974,'胡孙坚','33032719860324****',28,'14304960-2','浙江省工业环保设计研究有限公司',NULL,NULL,NULL,NULL,NULL,NULL,NULL,299820,234779,1,26708,26708,NULL,NULL,NULL,NULL,NULL,NULL,NULL,NULL,NULL,NULL,NULL,1,1,NULL,NULL,NULL,NULL,3,NULL,NULL,NULL,NULL,NULL,NULL,NULL,NULL,NULL,NULL,NULL,NULL,NULL,NULL,0,NULL,NULL,0,'2014-12-02',NULL,4,NULL,NULL,NULL,1,1,'2014-09-19',1,'2014-12-11',3,'2013-08-01',3,'2012-08-01',25,NULL,NULL,NULL,NULL,NULL,'浙江工商大学','103531200805002325','2008-07-01',1,NULL,NULL,'喻冬琴',NULL,'330106201400238511',16401,0,'23300100-140904-11104978',2,'2014','20144744','2016-07-31',0,NULL,1,0,0,NULL,21682,NULL,NULL,NULL,NULL,NULL,NULL,NULL,NULL,NULL,NULL),
	(26664,17304,11087729,'233001','2014',139278,139278,'甘俊磊','36220219900226****',24,'72523257-0','杭州奥默医药股份有限公司',NULL,NULL,NULL,NULL,NULL,NULL,NULL,299823,227653,1,14007,14007,NULL,NULL,NULL,NULL,NULL,NULL,NULL,NULL,NULL,NULL,NULL,1,1,NULL,NULL,NULL,NULL,3,NULL,NULL,NULL,NULL,NULL,NULL,NULL,NULL,NULL,NULL,NULL,NULL,NULL,NULL,0,NULL,NULL,0,'2014-12-02',NULL,4,NULL,NULL,NULL,1,1,'2014-09-12',1,'2014-12-11',3,'2013-07-02',3,'2013-10-01',11,NULL,NULL,NULL,NULL,NULL,'江西中医药大学','104121201305001318','2013-07-03',1,NULL,NULL,'周书琴',NULL,'330105201400255928',16401,0,'23300100-140904-11087729',2,'2014','20144650','2016-07-01',0,NULL,1,0,0,NULL,20541,NULL,NULL,NULL,NULL,NULL,NULL,NULL,NULL,NULL,NULL),
	(26666,18926,11118017,'233001','2014',148998,148998,'陈斌蓉','33038219880418****',26,'47010352-2','杭州师范大学附属中学',NULL,NULL,NULL,NULL,NULL,NULL,NULL,299845,239217,1,84338,84338,NULL,NULL,NULL,NULL,NULL,NULL,NULL,NULL,NULL,NULL,NULL,1,1,NULL,NULL,NULL,NULL,3,NULL,NULL,NULL,NULL,NULL,NULL,NULL,NULL,NULL,NULL,NULL,NULL,NULL,NULL,0,NULL,NULL,0,'2014-12-02',NULL,5,NULL,NULL,NULL,1,1,'2014-09-24',1,'2014-12-11',3,'2013-09-01',3,NULL,NULL,'2013-01-01',20,NULL,NULL,NULL,'华东师范大学',NULL,'2012-06-09',2,NULL,NULL,'戚红霞',NULL,NULL,16401,0,'23300100-140911-11118017',2,'2014','20145189','2016-08-31',0,NULL,1,0,0,NULL,22518,NULL,NULL,NULL,NULL,NULL,NULL,NULL,NULL,NULL,NULL),
	(26704,18913,11118043,'233001','2014',148979,148979,'张巧巧','37078519870802****',27,'47010352-2','杭州师范大学附属中学',NULL,NULL,NULL,NULL,NULL,NULL,NULL,299964,239239,1,34409,34409,NULL,NULL,NULL,NULL,NULL,NULL,NULL,NULL,NULL,NULL,NULL,1,1,NULL,NULL,NULL,NULL,3,NULL,NULL,NULL,NULL,NULL,NULL,NULL,NULL,NULL,NULL,NULL,NULL,NULL,NULL,0,NULL,NULL,0,'2014-12-02',NULL,5,NULL,NULL,NULL,1,1,'2014-09-24',1,'2014-12-11',3,'2014-09-01',3,'2013-08-01',13,NULL,NULL,NULL,NULL,NULL,'浙江大学',NULL,'2013-06-30',2,NULL,NULL,'戚红霞',NULL,NULL,16401,0,'23300100-140911-11118043',2,'2014','20145188','2017-08-31',0,NULL,1,0,0,NULL,22519,NULL,NULL,NULL,NULL,NULL,NULL,NULL,NULL,NULL,NULL),
	(26708,19768,11131037,'233001','2014',151961,151961,'陈细娥','36253119751012****',38,'72718624-8','浙江新世纪人才开发有限公司',151962,151962,'张小辉','36253119720806****',NULL,NULL,NULL,299974,242752,4,28019,7005,NULL,NULL,NULL,NULL,NULL,NULL,NULL,NULL,NULL,NULL,NULL,3,4,NULL,NULL,NULL,NULL,3,NULL,NULL,NULL,NULL,NULL,NULL,NULL,NULL,NULL,NULL,NULL,NULL,NULL,NULL,0,NULL,NULL,0,'2014-12-02',NULL,4,NULL,NULL,NULL,2,1,'2014-09-29',1,'2014-12-11',3,'2014-01-01',2,'2012-09-01',24,NULL,NULL,NULL,NULL,NULL,NULL,NULL,NULL,NULL,NULL,3,'周书琴',NULL,'330106201400277681',16401,0,'23300100-140904-11131037',2,'2014','20144760','2015-12-31',0,NULL,1,0,0,NULL,23594,NULL,NULL,'1311010000309889',NULL,NULL,NULL,NULL,NULL,NULL,NULL),
	(26709,18580,11112305,'233001','2014',147484,147484,'童样林','36062219870927****',26,'77357494-6','浙江中外运有限公司杭州物流分公司',147485,147485,'苗丽珊','33012419860913****',NULL,NULL,'浙江中通文博服务有限公司',299975,237551,3,113993,37998,NULL,NULL,NULL,NULL,NULL,NULL,NULL,NULL,NULL,NULL,NULL,3,3,NULL,NULL,NULL,NULL,3,NULL,NULL,NULL,NULL,NULL,NULL,NULL,NULL,NULL,NULL,NULL,NULL,NULL,NULL,0,NULL,NULL,0,'2014-12-02',NULL,4,NULL,NULL,NULL,1,1,'2014-09-23',1,'2014-12-11',3,'2014-06-01',3,'2012-09-01',24,NULL,NULL,NULL,NULL,NULL,'江西中医学院','104121200905001844','2009-07-02',1,NULL,NULL,'喻冬琴',NULL,'330106201400299155',16401,0,'23300100-140904-11112305',2,'2014','20144762','2017-05-31',0,NULL,1,0,0,NULL,22129,NULL,NULL,NULL,NULL,NULL,NULL,NULL,NULL,NULL,NULL),
	(26710,18625,11112715,'233001','2014',147853,147853,'张立辉','62282619770101****',37,'69705111-4','杭州昊菱汽车有限公司',147894,147894,'荔彩凤','62282519791128****',NULL,NULL,NULL,300016,237728,4,38041,9510,NULL,NULL,NULL,NULL,NULL,NULL,NULL,NULL,NULL,NULL,NULL,3,4,NULL,NULL,NULL,NULL,3,NULL,NULL,NULL,NULL,NULL,NULL,NULL,NULL,NULL,NULL,NULL,NULL,NULL,NULL,0,NULL,NULL,0,'2014-12-02',NULL,4,NULL,NULL,NULL,2,1,'2014-09-23',1,'2014-12-11',3,'2014-05-01',5,'2012-08-01',25,NULL,NULL,NULL,NULL,NULL,NULL,NULL,NULL,NULL,NULL,3,'周书琴',NULL,'330103201400118941',16401,0,'23300100-140904-11112715',2,'2014','20144765','2019-04-30',0,NULL,1,0,0,NULL,22158,NULL,NULL,'1411010000305829',NULL,NULL,NULL,NULL,NULL,NULL,NULL),
	(26711,19718,11130577,'233001','2014',151763,151763,'汪惠东','33012619740520****',40,'73526729-1','浙江诚信人才资源交流服务有限公司',151764,151764,'周建英','33082419841102****',NULL,NULL,'中智上海公司',300017,242565,3,73806,24602,NULL,NULL,NULL,NULL,NULL,NULL,NULL,NULL,NULL,NULL,NULL,3,3,NULL,NULL,NULL,NULL,3,NULL,NULL,NULL,NULL,NULL,NULL,NULL,NULL,NULL,NULL,NULL,NULL,NULL,NULL,0,NULL,NULL,0,'2014-12-02',NULL,4,NULL,NULL,NULL,2,1,'2014-09-28',1,'2014-12-11',3,'2014-01-01',2,'2012-09-01',24,NULL,NULL,NULL,NULL,NULL,NULL,NULL,NULL,NULL,NULL,3,'周书琴',NULL,'330105201400159372',16401,0,'23300100-140904-11130577',2,'2014','20144634','2015-12-31',0,NULL,1,0,0,NULL,23512,NULL,NULL,'1311250000300246',NULL,NULL,NULL,NULL,NULL,NULL,NULL),
	(26756,17656,11097182,'233001','2014',140668,140668,'朱康','41270119821020****',31,'59660582-7','杭州邦原科技有限公司',140669,140669,'张蕾','23212619840702****',NULL,NULL,NULL,300187,230851,2,44603,22302,NULL,NULL,NULL,NULL,NULL,NULL,NULL,NULL,NULL,NULL,NULL,2,2,NULL,NULL,NULL,NULL,3,NULL,NULL,NULL,NULL,NULL,NULL,NULL,NULL,NULL,NULL,NULL,NULL,NULL,NULL,0,NULL,NULL,0,'2014-12-02',NULL,5,NULL,NULL,NULL,1,1,'2014-09-16',1,'2014-12-11',3,'2013-01-01',2,'2013-06-01',15,NULL,NULL,NULL,NULL,NULL,'哈尔滨工业大学',NULL,'2011-07-07',2,NULL,NULL,'戚红霞',NULL,NULL,16401,0,'23300100-140911-11097182',2,'2014','20145148','2015-01-01',0,NULL,1,0,0,NULL,21146,NULL,NULL,NULL,NULL,NULL,NULL,NULL,NULL,NULL,NULL),
	(26793,17318,11088653,'233001','2014',139394,139394,'曾菊梅','33082419680926****',46,'57730101-9','江南布衣服饰有限公司',139395,139395,'王家杰','33082419651111****',NULL,NULL,NULL,300610,227855,3,70368,23456,NULL,NULL,NULL,NULL,NULL,NULL,NULL,NULL,NULL,NULL,NULL,3,3,NULL,NULL,NULL,NULL,3,NULL,NULL,NULL,NULL,NULL,NULL,NULL,NULL,NULL,NULL,NULL,NULL,NULL,NULL,0,NULL,NULL,0,'2014-12-03',NULL,5,NULL,NULL,NULL,2,1,'2014-09-12',1,'2014-12-11',3,'2013-01-01',2,'2012-09-01',24,NULL,NULL,NULL,NULL,NULL,NULL,NULL,NULL,NULL,NULL,3,'戚红霞',NULL,'330103201300097357',16401,0,'23300100-140911-11088653',2,'2014','20145287','2015-06-12',0,NULL,1,0,0,NULL,20574,NULL,NULL,NULL,NULL,NULL,NULL,NULL,NULL,NULL,NULL),
	(26794,17754,11098493,'233001','2014',140973,140973,'陈跃军','33078119890102****',25,'60913337-2','中程科技有限公司',NULL,NULL,NULL,NULL,NULL,NULL,NULL,300611,231712,1,16536,16536,NULL,NULL,NULL,NULL,NULL,NULL,NULL,NULL,NULL,NULL,NULL,1,1,NULL,NULL,NULL,NULL,3,NULL,NULL,NULL,NULL,NULL,NULL,NULL,NULL,NULL,NULL,NULL,NULL,NULL,NULL,0,NULL,NULL,0,'2014-12-03',NULL,5,NULL,NULL,NULL,1,1,'2014-09-16',1,'2014-12-11',3,'2013-07-01',3,'2013-07-24',13,NULL,NULL,NULL,NULL,NULL,'浙江科技学院',NULL,'2013-06-30',1,NULL,NULL,'戚红霞',NULL,'330106201300427509',16401,0,'23300100-140911-11098493',2,'2014','20145404','2016-06-30',0,NULL,1,0,0,NULL,21295,NULL,NULL,NULL,NULL,NULL,NULL,NULL,NULL,NULL,NULL),
	(26795,16718,11072443,'233001','2014',133539,133539,'胡庭','33012719850514****',29,'72278101-3','杭州嘉威幕墙装饰有限公司',NULL,NULL,NULL,NULL,NULL,NULL,NULL,300612,220542,1,28250,28250,6,NULL,NULL,NULL,NULL,NULL,NULL,NULL,NULL,NULL,NULL,1,1,NULL,NULL,NULL,NULL,3,NULL,NULL,NULL,NULL,NULL,NULL,NULL,NULL,NULL,NULL,NULL,NULL,NULL,NULL,0,NULL,NULL,0,'2014-12-03',NULL,5,NULL,NULL,NULL,0,1,'2014-09-04',1,'2014-12-11',3,NULL,NULL,NULL,NULL,NULL,NULL,NULL,NULL,NULL,NULL,NULL,NULL,NULL,NULL,NULL,'戚红霞',NULL,NULL,16401,0,'23300100-140911-11072443',2,'2014','20145388',NULL,0,NULL,1,0,0,NULL,19897,NULL,NULL,NULL,NULL,NULL,NULL,NULL,NULL,NULL,NULL),
	(26800,19769,11131065,'233001','2014',151966,151966,'郑小明','33012719851211****',28,'L1055532-8','浙江建华五金机电市场盛隆五金机电经营部',NULL,NULL,NULL,NULL,NULL,NULL,NULL,300637,242755,1,25073,25073,NULL,NULL,NULL,NULL,NULL,NULL,NULL,NULL,NULL,NULL,NULL,1,1,NULL,NULL,NULL,NULL,3,NULL,NULL,NULL,NULL,NULL,NULL,NULL,NULL,NULL,NULL,NULL,NULL,NULL,NULL,0,NULL,NULL,0,'2014-12-03',NULL,4,NULL,NULL,NULL,1,1,'2014-09-29',1,'2014-12-11',3,'2014-07-01',2,'2012-09-01',24,NULL,NULL,NULL,NULL,NULL,'宜春大学','104171200905000876','2009-07-06',1,NULL,NULL,'周书琴',NULL,'330105201400167395',16401,0,'23300100-140904-11131065',2,'2014','20144626','2017-06-01',0,NULL,1,0,0,NULL,23596,NULL,NULL,NULL,NULL,NULL,NULL,NULL,NULL,NULL,NULL),
	(26801,18036,11103689,'233001','2014',142727,142727,'王蒙','61032619840305****',30,'71761426-1','浙江省化工研究院有限公司',142728,142728,'王惠','61012519860120****',NULL,NULL,'浙江国茂饲料有限公司',300638,234238,2,96091,48046,NULL,NULL,NULL,NULL,NULL,NULL,NULL,NULL,NULL,NULL,NULL,2,2,NULL,NULL,NULL,NULL,3,NULL,NULL,NULL,NULL,NULL,NULL,NULL,NULL,NULL,NULL,NULL,NULL,NULL,NULL,0,NULL,NULL,0,'2014-12-03',NULL,5,NULL,NULL,NULL,1,1,'2014-09-18',1,'2014-12-11',3,'2012-11-28',3,'2012-11-20',21,NULL,NULL,NULL,NULL,NULL,'西北大学',NULL,'2012-07-02',2,NULL,NULL,'戚红霞',NULL,'33010620140030337',16401,0,'23300100-140911-11103689',2,'2014','20145396','2015-11-27',0,NULL,1,0,0,NULL,21598,NULL,NULL,NULL,NULL,NULL,NULL,NULL,NULL,NULL,NULL),
	(26807,16986,11079978,'233001','2014',137321,137321,'朱景泉','33012619750201****',39,'73379610-6','杭州海康威视数字技术股份有限公司',137322,137322,'邱冬姣','33012619751107****',NULL,NULL,NULL,300654,224449,3,55628,18543,NULL,NULL,NULL,NULL,NULL,NULL,NULL,NULL,NULL,NULL,NULL,3,3,NULL,NULL,NULL,NULL,3,NULL,NULL,NULL,NULL,NULL,NULL,NULL,NULL,NULL,NULL,NULL,NULL,NULL,NULL,0,NULL,NULL,0,'2014-12-03',NULL,5,NULL,NULL,NULL,2,1,'2014-09-09',1,'2014-12-11',3,'2014-07-01',5,'2011-06-01',39,NULL,NULL,NULL,NULL,NULL,NULL,NULL,NULL,NULL,NULL,3,'戚红霞',NULL,'330104201400456349',16401,0,'23300100-140911-11079978',2,'2014','20145363','2019-06-30',0,NULL,1,0,0,NULL,20156,NULL,NULL,NULL,NULL,NULL,NULL,NULL,NULL,NULL,NULL),
	(26816,17081,11084209,'233001','2014',138226,138226,'常冠军','41032619650710****',49,'14303484-9','杭州市公共交通集团有限公司',138227,138227,'王喜罕','41032619640312****',NULL,NULL,NULL,300668,225906,3,69947,23316,NULL,NULL,NULL,NULL,NULL,NULL,NULL,NULL,NULL,NULL,NULL,3,3,NULL,NULL,NULL,NULL,3,NULL,NULL,NULL,NULL,NULL,NULL,NULL,NULL,NULL,NULL,NULL,NULL,NULL,NULL,0,NULL,NULL,0,'2014-12-03',NULL,2,NULL,NULL,NULL,2,1,'2014-09-10',1,'2014-12-11',3,'2011-11-08',5,'2012-08-01',25,NULL,NULL,NULL,NULL,NULL,NULL,NULL,NULL,NULL,NULL,3,'王俊超',NULL,'330106201400121713',16401,0,'23300100-140909-11084209',2,'2014','20143432','2016-11-07',0,NULL,1,0,0,NULL,20319,NULL,NULL,NULL,NULL,NULL,NULL,NULL,NULL,NULL,NULL),
	(26818,17323,11088108,'233001','2014',139334,139334,'赵呈松','37292219630909****',51,'14303484-9','杭州市公共交通集团有限公司',139335,139335,'樊恩云','37292219641011****',NULL,NULL,'杭州姚生记食品有限公司',300670,227750,2,91063,45531,NULL,NULL,NULL,NULL,NULL,NULL,NULL,NULL,NULL,NULL,NULL,2,2,NULL,NULL,NULL,NULL,3,NULL,NULL,NULL,NULL,NULL,NULL,NULL,NULL,NULL,NULL,NULL,NULL,NULL,NULL,0,NULL,NULL,0,'2014-12-03',NULL,2,NULL,NULL,NULL,2,1,'2014-09-12',1,'2014-12-11',3,'2011-06-18',5,'2012-07-01',26,NULL,NULL,NULL,NULL,NULL,NULL,NULL,NULL,NULL,NULL,3,'王俊超',NULL,'330110201300861942',16401,0,'23300100-140909-11088108',2,'2014','20143431','2016-06-17',0,NULL,1,0,1,5,20555,NULL,NULL,NULL,NULL,NULL,NULL,NULL,NULL,NULL,NULL),
	(26845,17169,11085505,'233001','2014',138795,138795,'柴委民','41040219710115****',43,'14303484-9','杭州市公共交通集团有限公司',138796,138796,'王松佩','41040319740408****',NULL,NULL,'杭州市公共自行车公司',300714,226749,4,78961,19740,NULL,NULL,NULL,NULL,NULL,NULL,NULL,NULL,NULL,NULL,NULL,3,4,NULL,NULL,NULL,NULL,3,NULL,NULL,NULL,NULL,NULL,NULL,NULL,NULL,NULL,NULL,NULL,NULL,NULL,NULL,0,NULL,NULL,0,'2014-12-03',NULL,2,NULL,NULL,NULL,2,1,'2014-09-11',1,'2014-12-11',3,'2012-09-01',3,'2012-09-01',24,NULL,NULL,NULL,NULL,NULL,NULL,NULL,NULL,NULL,NULL,3,'王俊超',NULL,'330106201400150522',16401,0,'23300100-140909-11085505',2,'2014','20143435','2015-08-31',0,NULL,1,0,0,NULL,20407,NULL,NULL,NULL,NULL,NULL,NULL,NULL,NULL,NULL,NULL),
	(26854,17454,11091999,'233001','2014',139833,139833,'吴德民','33010319760109****',38,'72660426-8','杭州通达控制系统有限公司',139854,139854,'陈美红','33262319791113****',NULL,NULL,'杭州大厦有限公司',300732,229436,2,91474,45737,16,NULL,NULL,NULL,NULL,NULL,NULL,NULL,NULL,NULL,NULL,2,2,NULL,NULL,NULL,NULL,3,NULL,NULL,NULL,NULL,NULL,NULL,NULL,NULL,NULL,NULL,NULL,NULL,NULL,NULL,0,NULL,NULL,0,'2014-12-03',NULL,1,NULL,NULL,NULL,0,1,'2014-09-15',1,'2014-12-11',3,NULL,NULL,NULL,NULL,NULL,NULL,NULL,NULL,NULL,NULL,NULL,NULL,NULL,NULL,NULL,'瞿梦娜',NULL,NULL,16401,0,'23300100-140908-11091999',2,'2014','20143302',NULL,0,NULL,1,0,0,NULL,20712,NULL,NULL,NULL,NULL,NULL,NULL,NULL,NULL,NULL,NULL),
	(26857,18298,11107679,'233001','2014',143693,143693,'陈尚','33010219870420****',27,'55790485-9','中科院杭州射频识别技术研发中心',NULL,NULL,NULL,NULL,NULL,NULL,NULL,300761,235482,1,2000,2000,27,NULL,NULL,NULL,NULL,NULL,NULL,NULL,NULL,NULL,NULL,1,1,NULL,NULL,NULL,NULL,3,NULL,NULL,NULL,NULL,NULL,NULL,NULL,NULL,NULL,NULL,NULL,NULL,NULL,NULL,0,NULL,NULL,0,'2014-12-03',NULL,1,NULL,NULL,NULL,0,1,'2014-09-19',1,'2014-12-11',3,NULL,NULL,NULL,NULL,NULL,NULL,NULL,NULL,NULL,NULL,NULL,NULL,NULL,NULL,NULL,'瞿梦娜',NULL,NULL,16401,0,'23300100-140908-11107679',2,'2014','20143269',NULL,0,NULL,1,0,0,NULL,21830,NULL,NULL,NULL,NULL,NULL,NULL,NULL,NULL,NULL,NULL),
	(26866,19752,11130746,'233001','2014',151860,151860,'王红伟','41232219741216****',39,'14303484-9','杭州市公共交通集团有限公司',151861,151861,'豆素兰','41232219730829****',NULL,NULL,NULL,300804,242677,4,76607,19152,NULL,NULL,NULL,NULL,NULL,NULL,NULL,NULL,NULL,NULL,NULL,3,4,NULL,NULL,NULL,NULL,3,NULL,NULL,NULL,NULL,NULL,NULL,NULL,NULL,NULL,NULL,NULL,NULL,NULL,NULL,0,NULL,NULL,0,'2014-12-03',NULL,2,NULL,NULL,NULL,2,1,'2014-09-28',1,'2014-12-11',3,'2013-04-01',2,'2012-09-01',24,NULL,NULL,NULL,NULL,NULL,NULL,NULL,NULL,NULL,NULL,3,'王俊超',NULL,'330105201400125915',16401,0,'23300100-140909-11130746',2,'2014','20143443','2015-12-31',0,NULL,1,0,0,NULL,23550,NULL,NULL,NULL,NULL,NULL,NULL,NULL,NULL,NULL,NULL),
	(26871,19662,11130021,'233001','2014',151384,151384,'章晓燕','33012719841022****',29,'14303387-0','杭州邮政发展总公司',NULL,NULL,NULL,NULL,NULL,NULL,NULL,300809,242389,1,47493,47493,8,NULL,NULL,NULL,NULL,NULL,NULL,NULL,NULL,NULL,NULL,1,1,NULL,NULL,NULL,NULL,3,NULL,NULL,NULL,NULL,NULL,NULL,NULL,NULL,NULL,NULL,NULL,NULL,NULL,NULL,0,NULL,NULL,0,'2014-12-03',NULL,1,NULL,NULL,NULL,0,1,'2014-09-28',1,'2014-12-11',3,NULL,NULL,NULL,NULL,NULL,NULL,NULL,NULL,NULL,NULL,NULL,NULL,NULL,NULL,NULL,'叶倩',NULL,NULL,16401,0,'23300100-140908-11130021',2,'2014','20143261',NULL,0,NULL,1,0,0,NULL,23455,NULL,NULL,NULL,NULL,NULL,NULL,NULL,NULL,NULL,NULL),
	(26903,18427,11109927,'233001','2014',144022,144022,'夏俊','51062319860813****',28,'05833015-X','浙江元通捷通汽车有限公司',144023,144023,'罗向敏','51062319880820****',NULL,NULL,NULL,300837,236624,3,97219,32406,NULL,NULL,NULL,NULL,NULL,NULL,NULL,NULL,NULL,NULL,NULL,3,3,NULL,NULL,NULL,NULL,3,NULL,NULL,NULL,NULL,NULL,NULL,NULL,NULL,NULL,NULL,NULL,NULL,NULL,NULL,0,NULL,NULL,0,'2014-12-03',NULL,4,NULL,NULL,NULL,2,1,'2014-09-22',1,'2014-12-11',3,'2013-02-01',3,'2012-08-01',25,NULL,NULL,NULL,NULL,NULL,NULL,NULL,NULL,NULL,NULL,3,'周书琴',NULL,'330105201400024274',16401,0,'23300100-140904-11109927',2,'2014','20144407','2016-02-01',0,NULL,1,0,0,NULL,21954,NULL,NULL,'1411010000305928',NULL,NULL,NULL,NULL,NULL,NULL,NULL),
	(26904,18329,11108623,'233001','2014',143749,143749,'肖孟会','36078219870723****',27,'14304903-9','杭州钢铁集团公司',143750,143750,'申璐琳','36078219871026****',NULL,NULL,'杭州优哈箱包有限公司',300843,235773,2,74298,37149,NULL,NULL,NULL,NULL,NULL,NULL,NULL,NULL,NULL,NULL,NULL,2,2,NULL,NULL,NULL,NULL,3,NULL,NULL,NULL,NULL,NULL,NULL,NULL,NULL,NULL,NULL,NULL,NULL,NULL,NULL,0,NULL,NULL,0,'2014-12-03',NULL,4,NULL,NULL,NULL,2,1,'2014-09-22',1,'2014-12-11',3,'2012-05-07',3,'2012-08-01',25,NULL,NULL,NULL,NULL,NULL,NULL,NULL,NULL,NULL,NULL,3,'周书琴',NULL,'330105201300332466',16401,0,'23300100-140904-11108623',2,'2014','20144417','2015-05-07',0,NULL,1,0,0,NULL,21865,NULL,NULL,'0814001073300246',NULL,NULL,NULL,NULL,NULL,NULL,NULL),
	(26908,18324,11108521,'233001','2014',143740,143740,'林小娜','33032719801031****',34,'14304903-9','杭州钢铁集团公司',143741,143741,'童飞林','33012419811121****',NULL,NULL,'杭州钢铁集团公司',300852,235718,3,115564,38521,10,NULL,NULL,NULL,NULL,NULL,NULL,NULL,NULL,NULL,NULL,3,3,NULL,NULL,NULL,NULL,3,NULL,NULL,NULL,NULL,NULL,NULL,NULL,NULL,NULL,NULL,NULL,NULL,NULL,NULL,0,NULL,NULL,0,'2014-12-03',NULL,4,NULL,NULL,NULL,0,1,'2014-09-22',1,'2014-12-11',3,NULL,NULL,NULL,NULL,NULL,NULL,NULL,NULL,NULL,NULL,NULL,NULL,NULL,NULL,NULL,'周书琴',NULL,NULL,16401,0,'23300100-140904-11108521',2,'2014','20144416',NULL,0,NULL,1,0,0,NULL,21841,NULL,NULL,NULL,NULL,NULL,NULL,NULL,NULL,NULL,NULL),
	(26916,17764,11098212,'233001','2014',140923,140923,'王俊彦','33010619860822****',28,'14310420-2','中国美术学院风景建筑设计研究院',NULL,NULL,NULL,NULL,NULL,NULL,NULL,300914,231524,1,22291,22291,28,NULL,NULL,NULL,NULL,NULL,NULL,NULL,NULL,NULL,NULL,1,1,NULL,NULL,NULL,NULL,3,NULL,NULL,NULL,NULL,NULL,NULL,NULL,NULL,NULL,NULL,NULL,NULL,NULL,NULL,0,NULL,NULL,0,'2014-12-03',NULL,5,NULL,NULL,NULL,0,1,'2014-09-16',1,'2014-12-11',3,NULL,NULL,NULL,NULL,NULL,NULL,NULL,NULL,NULL,NULL,NULL,NULL,NULL,NULL,NULL,'戚红霞',NULL,NULL,16401,0,'23300100-140911-11098212',2,'2014','20145405',NULL,0,NULL,1,0,0,NULL,21268,NULL,NULL,NULL,NULL,NULL,NULL,NULL,NULL,NULL,NULL),
	(26925,20826,11148082,'233001','2014',154885,154885,'倪励诚','33052219890406****',25,'56058306-4','东阳长城影视传媒有限公司杭州分公司',NULL,NULL,NULL,NULL,NULL,NULL,NULL,300948,247118,1,28848,28848,NULL,NULL,NULL,NULL,NULL,NULL,NULL,NULL,NULL,NULL,NULL,1,1,NULL,NULL,NULL,NULL,3,NULL,NULL,NULL,NULL,NULL,NULL,NULL,NULL,NULL,NULL,NULL,NULL,NULL,NULL,0,NULL,NULL,0,'2014-12-03',NULL,5,NULL,NULL,NULL,1,1,'2014-10-10',1,'2014-12-11',3,'2013-08-01',3,'2013-08-01',14,NULL,NULL,NULL,NULL,NULL,'浙江外国语学院',NULL,'2014-07-01',1,NULL,NULL,'戚红霞',NULL,'330105201200081618',16401,0,'23300100-141011-11148082',2,'2014','20145869','2016-07-31',0,NULL,1,0,0,NULL,24614,NULL,NULL,NULL,NULL,NULL,NULL,NULL,NULL,NULL,NULL),
	(26926,17061,11084356,'233001','2014',138310,138310,'唐美红','33012719790609****',35,'L6934547','杭州市拱墅区艾妮娜美甲店',138311,138311,'姜国军','33012719720224****',NULL,NULL,'杭州安心出租车有限公司',300950,226054,4,79020,19755,NULL,NULL,NULL,NULL,NULL,NULL,NULL,NULL,NULL,NULL,NULL,3,4,NULL,NULL,NULL,NULL,3,NULL,NULL,NULL,NULL,NULL,NULL,NULL,NULL,NULL,NULL,NULL,NULL,NULL,NULL,0,NULL,NULL,0,'2014-12-03',NULL,4,NULL,NULL,NULL,2,1,'2014-09-10',1,'2014-12-11',3,'2014-04-23',4,'2014-01-01',8,NULL,NULL,NULL,NULL,NULL,NULL,NULL,NULL,NULL,NULL,3,'周书琴',NULL,'330105201400202413',16401,0,'23300100-140904-11084356',2,'2014','20144443','2018-04-23',0,NULL,1,0,0,NULL,20334,NULL,'330105600338532','1211010000308386',NULL,NULL,NULL,NULL,NULL,NULL,NULL),
	(26930,16975,11080812,'233001','2014',137509,137509,'章格','33078119910811****',23,'06097978-3','海口市城市规划设计研究院杭州第二分院',NULL,NULL,NULL,NULL,NULL,NULL,NULL,300977,224653,1,8970,8970,NULL,NULL,NULL,NULL,NULL,NULL,NULL,NULL,NULL,NULL,NULL,1,1,NULL,NULL,NULL,NULL,3,NULL,NULL,NULL,NULL,NULL,NULL,NULL,NULL,NULL,NULL,NULL,NULL,NULL,NULL,0,NULL,NULL,0,'2014-12-03',NULL,4,NULL,NULL,NULL,1,1,'2014-09-09',1,'2014-12-11',3,'2013-10-01',1,'2013-10-01',11,NULL,NULL,NULL,NULL,NULL,'浙江科技学院','110571201305001799','2013-06-30',1,NULL,NULL,'毛俞平',NULL,'330106201300315733',16401,0,'23300100-140904-11080812',2,'2014','20144464','2014-09-30',0,NULL,1,0,0,NULL,20201,NULL,NULL,NULL,NULL,NULL,NULL,NULL,NULL,NULL,NULL),
	(26934,19783,11131064,'233001','2014',151974,151974,'张莹','33062419891021****',24,'59660546-4','杭州红米贸易有限公司',NULL,NULL,NULL,NULL,NULL,NULL,NULL,300984,242777,1,27210,27210,NULL,NULL,NULL,NULL,NULL,NULL,NULL,NULL,NULL,NULL,NULL,1,1,NULL,NULL,NULL,NULL,3,NULL,NULL,NULL,NULL,NULL,NULL,NULL,NULL,NULL,NULL,NULL,NULL,NULL,NULL,0,NULL,NULL,0,'2014-12-03',NULL,4,NULL,NULL,NULL,1,1,'2014-09-29',1,'2014-12-11',3,'2013-08-01',1,'2014-03-01',6,NULL,NULL,NULL,NULL,NULL,'温州大学瓯江学院','132891201205001482','2012-06-20',1,NULL,NULL,'毛俞平',NULL,'330105201200172227',16401,0,'23300100-140904-11131064',2,'2014','20144461','2014-09-30',0,NULL,1,0,0,NULL,24540,NULL,NULL,NULL,NULL,NULL,NULL,NULL,NULL,NULL,NULL),
	(26938,16586,11069759,'233001','2014',133163,133163,'张国强','37048119790120****',35,'60916844-4','艾康生物枝术（杭州）有限公司',133164,133164,'葛秀芳','37048119780905****',NULL,NULL,NULL,301041,219913,4,71250,17813,NULL,NULL,NULL,NULL,NULL,NULL,NULL,NULL,NULL,NULL,NULL,3,4,NULL,NULL,NULL,NULL,3,NULL,NULL,NULL,NULL,NULL,NULL,NULL,NULL,NULL,NULL,NULL,NULL,NULL,NULL,0,NULL,NULL,0,'2014-12-03',NULL,5,NULL,NULL,NULL,2,1,'2014-09-03',1,'2014-12-11',3,'2013-12-09',3,'2012-08-01',25,NULL,NULL,NULL,NULL,NULL,NULL,NULL,NULL,NULL,NULL,3,'戚红霞',NULL,'370481197901207750',16401,0,'23300100-140911-11069759',2,'2014','20145879','2016-12-08',0,NULL,1,0,0,NULL,19751,NULL,NULL,NULL,NULL,NULL,NULL,NULL,NULL,NULL,NULL),
	(26963,17168,11085493,'233001','2014',138794,138794,'陈文瑛','33010319881028****',25,'73323233-5','杭州市拱墅区湖墅街道社区服务和帮扶救助中心',NULL,NULL,NULL,NULL,NULL,NULL,NULL,301055,226743,1,45792,45792,26,NULL,NULL,NULL,NULL,NULL,NULL,NULL,NULL,NULL,NULL,1,1,NULL,NULL,NULL,NULL,3,NULL,NULL,NULL,NULL,NULL,NULL,NULL,NULL,NULL,NULL,NULL,NULL,NULL,NULL,0,NULL,NULL,0,'2014-12-03',NULL,4,NULL,NULL,NULL,0,1,'2014-09-11',1,'2014-12-11',3,NULL,NULL,NULL,NULL,NULL,NULL,NULL,NULL,NULL,NULL,NULL,NULL,NULL,NULL,NULL,'周书琴',NULL,NULL,16401,0,'23300100-140904-11085493',2,'2014','20144447',NULL,0,NULL,1,0,0,NULL,20416,NULL,NULL,NULL,NULL,NULL,NULL,NULL,NULL,NULL,NULL),
	(26964,18174,11105657,'233001','2014',143079,143079,'刘保松','36233019860105****',28,'74290397-0','华电电力科学研究院',143080,143080,'童菊华','36232319870723****',NULL,NULL,NULL,301080,234938,2,49392,24696,NULL,NULL,NULL,NULL,NULL,NULL,NULL,NULL,NULL,NULL,NULL,2,2,NULL,NULL,NULL,NULL,3,NULL,NULL,NULL,NULL,NULL,NULL,NULL,NULL,NULL,NULL,NULL,NULL,NULL,NULL,0,NULL,NULL,0,'2014-12-03',NULL,5,NULL,NULL,NULL,1,1,'2014-09-19',1,'2014-12-11',3,'2012-07-18',3,'2012-08-01',25,NULL,NULL,NULL,NULL,NULL,'东北大学',NULL,'2012-07-11',2,NULL,NULL,'戚红霞',NULL,NULL,16401,0,'23300100-140911-11105657',2,'2014','20145337','2015-07-17',0,NULL,1,0,0,NULL,21722,NULL,NULL,NULL,NULL,NULL,NULL,NULL,NULL,NULL,NULL),
	(26965,16872,11076221,'233001','2014',134024,134024,'蔡嘉涵','33108219900921****',23,'69706469-5','杭州倚天公关策划有限公司',NULL,NULL,NULL,NULL,NULL,NULL,NULL,301081,222044,1,14468,14468,NULL,NULL,NULL,NULL,NULL,NULL,NULL,NULL,NULL,NULL,NULL,1,1,NULL,NULL,NULL,NULL,3,NULL,NULL,NULL,NULL,NULL,NULL,NULL,NULL,NULL,NULL,NULL,NULL,NULL,NULL,0,NULL,NULL,0,'2014-12-03',NULL,5,NULL,NULL,NULL,1,1,'2014-09-05',1,'2014-12-11',3,'2013-08-27',2,'2013-08-01',13,NULL,NULL,NULL,NULL,NULL,'浙江工业大学之江学院',NULL,'2013-06-21',1,NULL,NULL,'戚红霞',NULL,'330106201300427757',16401,0,'23300100-140911-11076221',2,'2014','20145355','2015-08-26',0,NULL,1,0,0,NULL,20047,NULL,NULL,NULL,NULL,NULL,NULL,NULL,NULL,NULL,NULL),
	(27958,18590,11112397,'233001','2014',147633,147633,'周兴礼','33082319821116****',31,'14304867-7','杭州长运运输集团有限公司',147634,147634,'许娟','33018419851110****',NULL,NULL,'杭州益利素勒精线有限公司',303860,237623,4,85028,21257,NULL,NULL,NULL,NULL,NULL,NULL,NULL,NULL,NULL,NULL,NULL,3,4,NULL,NULL,NULL,NULL,3,NULL,NULL,NULL,NULL,NULL,NULL,NULL,NULL,NULL,NULL,NULL,NULL,NULL,NULL,0,NULL,NULL,0,'2014-12-04',NULL,2,NULL,NULL,NULL,2,1,'2014-09-23',1,'2014-12-11',3,'2011-01-01',5,'2012-08-01',25,NULL,NULL,NULL,NULL,NULL,NULL,NULL,NULL,NULL,NULL,3,'王俊超',NULL,'330106201400282215',16401,0,'23300100-140909-11112397',2,'2014','20143795','2015-12-31',0,NULL,1,0,0,NULL,22141,NULL,NULL,'1111010000200661',NULL,NULL,NULL,NULL,NULL,NULL,NULL),
	(27983,18897,11117466,'233001','2014',148826,148826,'丰吉玲','34118119890101****',25,'76962038-0','安邦财产保险股份有限公司浙江分公司',148827,148827,'朱安兵','34118119890714****',NULL,NULL,'杭州盛丰物流有限公司',303869,239063,3,65603,21868,NULL,NULL,NULL,NULL,NULL,NULL,NULL,NULL,NULL,NULL,NULL,3,3,NULL,NULL,NULL,NULL,3,NULL,NULL,NULL,NULL,NULL,NULL,NULL,NULL,NULL,NULL,NULL,NULL,NULL,NULL,0,NULL,NULL,0,'2014-12-04',NULL,2,NULL,NULL,NULL,1,1,'2014-09-24',1,'2014-12-11',3,'2013-06-01',1,'2013-06-01',15,NULL,NULL,NULL,NULL,NULL,'中国人民大学','651120201081082241','2011-02-01',1,NULL,NULL,'王俊超',NULL,'3301005201400091630',16401,0,'23300100-140909-11117466',2,'2014','20143847','2014-12-01',0,NULL,1,0,0,NULL,22488,NULL,NULL,NULL,NULL,NULL,NULL,NULL,NULL,NULL,NULL),
	(27984,19921,11134052,'233001','2014',152377,152377,'徐海忠','33082419700417****',44,'14304867-7','杭州长运运输集团有限公司',152378,152378,'张群英','33082419720726****',NULL,NULL,'广州建智人力资源管理有限公司',303871,243318,2,89863,44932,NULL,NULL,NULL,NULL,NULL,NULL,NULL,NULL,NULL,NULL,NULL,2,2,NULL,NULL,NULL,NULL,3,NULL,NULL,NULL,NULL,NULL,NULL,NULL,NULL,NULL,NULL,NULL,NULL,NULL,NULL,0,NULL,NULL,0,'2014-12-04',NULL,2,NULL,NULL,NULL,2,1,'2014-09-29',1,'2014-12-11',3,'2010-06-01',5,'2012-09-01',24,NULL,NULL,NULL,NULL,NULL,NULL,NULL,NULL,NULL,NULL,3,'王俊超',NULL,'330106201400315051',16401,0,'23300100-140909-11134052',2,'2014','20143803','2015-05-31',0,NULL,1,0,0,NULL,23782,NULL,NULL,NULL,NULL,NULL,NULL,NULL,NULL,NULL,NULL),
	(27985,19185,11121335,'233001','2014',149712,149712,'孙建锋','33012119630119****',51,'14305408-1','杭州长运旅游有限公司',149713,149713,'陈银妹','33012119650519****',NULL,NULL,NULL,303873,240137,2,61108,30554,NULL,NULL,NULL,NULL,NULL,NULL,NULL,NULL,NULL,NULL,NULL,2,2,NULL,NULL,NULL,NULL,3,NULL,NULL,NULL,NULL,NULL,NULL,NULL,NULL,NULL,NULL,NULL,NULL,NULL,NULL,0,NULL,NULL,0,'2014-12-04',NULL,2,NULL,NULL,NULL,2,1,'2014-09-25',1,'2014-12-11',3,'2012-08-01',3,'2012-08-01',25,NULL,NULL,NULL,NULL,NULL,NULL,NULL,NULL,NULL,NULL,3,'王俊超',NULL,NULL,16401,0,'23300100-140909-11121335',2,'2014','20143798','2015-07-31',0,NULL,1,0,0,NULL,22796,NULL,NULL,'1111000000201219',NULL,NULL,NULL,NULL,NULL,NULL,NULL),
	(27987,19500,11126134,'233001','2014',150759,150759,'杨伟丽','33252219901020****',23,'10002324-2','南华期货股份有限公司',NULL,NULL,NULL,NULL,NULL,NULL,NULL,303882,241640,1,16682,16682,NULL,NULL,NULL,NULL,NULL,NULL,NULL,NULL,NULL,NULL,NULL,1,1,NULL,NULL,NULL,NULL,3,NULL,NULL,NULL,NULL,NULL,NULL,NULL,NULL,NULL,NULL,NULL,NULL,NULL,NULL,0,NULL,NULL,0,'2014-12-04',NULL,1,NULL,NULL,NULL,1,1,'2014-09-27',1,'2014-12-11',3,'2013-07-22',2,'2013-08-01',13,NULL,NULL,NULL,NULL,NULL,'浙江财经大学',NULL,'2013-06-20',1,NULL,NULL,'瞿梦娜',NULL,'330108201400117785',16401,0,'23300100-140908-11126134',2,'2014','20143413','2016-06-21',0,NULL,1,0,0,NULL,23211,NULL,NULL,NULL,NULL,NULL,NULL,NULL,NULL,NULL,NULL),
	(27992,19669,11129892,'233001','2014',151343,151343,'陈菲菲','37292319881127****',25,'57171209-5','浙江世纪协和节能科技有限公司',NULL,NULL,NULL,NULL,NULL,NULL,NULL,303916,242354,1,10893,10893,NULL,NULL,NULL,NULL,NULL,NULL,NULL,NULL,NULL,NULL,NULL,1,1,NULL,NULL,NULL,NULL,3,NULL,NULL,NULL,NULL,NULL,NULL,NULL,NULL,NULL,NULL,NULL,NULL,NULL,NULL,0,NULL,NULL,0,'2014-12-04',NULL,5,NULL,NULL,NULL,1,1,'2014-09-28',1,'2014-12-11',3,'2013-06-25',2,'2013-07-01',14,NULL,NULL,NULL,NULL,NULL,'宁波大学',NULL,'2013-06-30',1,NULL,NULL,'戚红霞',NULL,'33010620140045597',16401,0,'23300100-140911-11129892',2,'2014','20145614','2015-06-24',0,NULL,1,0,0,NULL,23439,NULL,NULL,NULL,NULL,NULL,NULL,NULL,NULL,NULL,NULL),
	(27997,18228,11106114,'233001','2014',143416,143416,'王虹','15040319880114****',26,'14291656-7','杭州娃哈哈集团有限公司',143417,143417,'朱屹轩','33062119870210****',NULL,NULL,'杭州和达商业资产管理有限公司',303928,235024,2,147353,73677,NULL,NULL,NULL,NULL,NULL,NULL,NULL,NULL,NULL,NULL,NULL,2,2,NULL,NULL,NULL,NULL,3,NULL,NULL,NULL,NULL,NULL,NULL,NULL,NULL,NULL,NULL,NULL,NULL,NULL,NULL,0,NULL,NULL,0,'2014-12-04',NULL,1,NULL,NULL,NULL,1,1,'2014-09-19',1,'2014-12-11',3,'2013-05-01',2,'2012-08-01',25,NULL,NULL,NULL,NULL,NULL,'江南大学',NULL,'2012-03-30',2,NULL,NULL,'瞿梦娜',NULL,NULL,16401,0,'23300100-140908-11106114',2,'2014','20143398','2015-06-30',0,NULL,1,0,0,NULL,22903,NULL,NULL,NULL,NULL,NULL,NULL,NULL,NULL,NULL,NULL),
	(27998,19180,11121219,'233001','2014',149703,149703,'韩东','33068119880403****',26,'14308315-7','华东医药股份有限公司',NULL,NULL,NULL,NULL,NULL,NULL,NULL,303929,240071,1,20639,20639,NULL,NULL,NULL,NULL,NULL,NULL,NULL,NULL,NULL,NULL,NULL,1,1,NULL,NULL,NULL,NULL,3,NULL,NULL,NULL,NULL,NULL,NULL,NULL,NULL,NULL,NULL,NULL,NULL,NULL,NULL,0,NULL,NULL,0,'2014-12-04',NULL,1,NULL,NULL,NULL,1,1,'2014-09-25',1,'2014-12-11',3,'2013-07-07',5,'2013-07-01',14,NULL,NULL,NULL,NULL,NULL,'浙江工业大学',NULL,'2013-06-14',2,NULL,NULL,'瞿梦娜',NULL,NULL,16401,0,'23300100-140908-11121219',2,'2014','20143399','2018-07-06',0,NULL,1,0,0,NULL,22786,NULL,NULL,NULL,NULL,NULL,NULL,NULL,NULL,NULL,NULL),
	(27999,18141,11105752,'233001','2014',143072,143072,'刘砚','36222919880522****',26,'14291656-7','杭州娃哈哈集团有限公司',NULL,NULL,NULL,NULL,NULL,NULL,NULL,303930,234927,1,50908,50908,NULL,NULL,NULL,NULL,NULL,NULL,NULL,NULL,NULL,NULL,NULL,1,1,NULL,NULL,NULL,NULL,3,NULL,NULL,NULL,NULL,NULL,NULL,NULL,NULL,NULL,NULL,NULL,NULL,NULL,NULL,0,NULL,NULL,0,'2014-12-04',NULL,1,NULL,NULL,NULL,1,1,'2014-09-19',1,'2014-12-11',3,'2013-04-12',3,'2013-04-01',17,NULL,NULL,NULL,NULL,NULL,'燕山大学',NULL,'2013-01-04',2,NULL,NULL,'瞿梦娜',NULL,NULL,16401,0,'23300100-140908-11105752',2,'2014','20143400','2016-06-30',0,NULL,1,0,0,NULL,22896,NULL,NULL,NULL,NULL,NULL,NULL,NULL,NULL,NULL,NULL),
	(28000,17927,11101863,'233001','2014',142504,142504,'陈国良','33010319610424****',53,'47011055-4','杭州园林机械厂',NULL,NULL,NULL,NULL,NULL,NULL,NULL,303940,233285,1,15095,15095,53,NULL,NULL,NULL,NULL,NULL,NULL,NULL,NULL,NULL,NULL,1,1,NULL,NULL,NULL,NULL,3,NULL,NULL,NULL,NULL,NULL,NULL,NULL,NULL,NULL,NULL,NULL,NULL,NULL,NULL,0,NULL,NULL,0,'2014-12-04',NULL,5,NULL,NULL,NULL,0,1,'2014-09-18',1,'2014-12-11',3,NULL,NULL,NULL,NULL,NULL,NULL,NULL,NULL,NULL,NULL,NULL,NULL,NULL,NULL,NULL,'戚红霞',NULL,NULL,16401,0,'23300100-140911-11101863',2,'2014','20145344',NULL,0,NULL,1,0,0,NULL,21502,NULL,NULL,NULL,NULL,NULL,NULL,NULL,NULL,NULL,NULL),
	(28003,18267,11107042,'233001','2014',143596,143596,'沈智敏','33252619870206****',27,'57148365-9','杭州鼎铭能源科技有限公司',NULL,NULL,NULL,NULL,NULL,NULL,NULL,303943,235311,1,39776,39776,NULL,NULL,NULL,NULL,NULL,NULL,NULL,NULL,NULL,NULL,NULL,1,1,NULL,NULL,NULL,NULL,3,NULL,NULL,NULL,NULL,NULL,NULL,NULL,NULL,NULL,NULL,NULL,NULL,NULL,NULL,0,NULL,NULL,0,'2014-12-04',NULL,1,NULL,NULL,NULL,1,1,'2014-09-19',1,'2014-12-11',3,'2012-04-12',3,'2010-01-01',56,NULL,NULL,NULL,NULL,NULL,'浙江理工大学',NULL,'2009-06-18',1,NULL,NULL,'瞿梦娜',NULL,'330110201400153521',16401,0,'23300100-140908-11107042',2,'2014','20143387','2015-04-11',0,NULL,1,0,0,NULL,21789,NULL,NULL,NULL,NULL,NULL,NULL,NULL,NULL,NULL,NULL),
	(28005,18418,11110332,'233001','2014',144145,144145,'楼秀青','33068119891021****',24,'84292100-9','中国人民财产保险股份有限公司浙江省分公司',NULL,NULL,NULL,NULL,NULL,NULL,NULL,303945,236688,1,32247,32247,NULL,NULL,NULL,NULL,NULL,NULL,NULL,NULL,NULL,NULL,NULL,1,1,NULL,NULL,NULL,NULL,3,NULL,NULL,NULL,NULL,NULL,NULL,NULL,NULL,NULL,NULL,NULL,NULL,NULL,NULL,0,NULL,NULL,0,'2014-12-04',NULL,1,NULL,NULL,NULL,1,1,'2014-09-22',1,'2014-12-11',3,'2014-07-01',3,'2013-07-01',14,NULL,NULL,NULL,NULL,NULL,'南京财经大学红山学院',NULL,'2013-06-21',1,NULL,NULL,'瞿梦娜',NULL,'330102201400067393',16401,0,'23300100-140908-11110332',2,'2014','20143389','2017-06-30',0,NULL,1,0,0,NULL,21967,NULL,NULL,NULL,NULL,NULL,NULL,NULL,NULL,NULL,NULL),
	(28007,16622,11071368,'233001','2014',133328,133328,'张海森','33010519810323****',33,'07099413-5','绿城物业服务集团有限公司杭州第四分公司',133329,133329,'华彩雅','33900519800224****',NULL,NULL,'杭州汉博建筑装饰设计有限公司',303951,220187,3,86329,28776,NULL,NULL,NULL,NULL,NULL,NULL,NULL,NULL,NULL,NULL,NULL,3,3,NULL,NULL,NULL,NULL,3,NULL,NULL,NULL,NULL,NULL,NULL,NULL,NULL,NULL,NULL,NULL,NULL,NULL,NULL,0,NULL,NULL,0,'2014-12-04',NULL,5,NULL,NULL,NULL,2,1,'2014-09-03',1,'2014-12-11',3,'2013-10-01',3,'2004-01-01',128,NULL,NULL,NULL,NULL,NULL,NULL,NULL,NULL,NULL,NULL,3,'戚红霞',NULL,'330106201400091331',16401,0,'23300100-140911-11071368',2,'2014','20145901','2017-03-31',0,NULL,1,0,0,NULL,19826,NULL,NULL,NULL,NULL,NULL,NULL,NULL,NULL,NULL,NULL),
	(28009,20179,11137920,'233001','2014',153152,153152,'卢德美','41078219890905****',25,'7823562-7','杭州百事可乐饮料有限公司',NULL,NULL,NULL,NULL,NULL,NULL,NULL,303982,244559,1,37264,37264,NULL,NULL,NULL,NULL,NULL,NULL,NULL,NULL,NULL,NULL,NULL,1,1,NULL,NULL,NULL,NULL,3,NULL,NULL,NULL,NULL,NULL,NULL,NULL,NULL,NULL,NULL,NULL,NULL,NULL,NULL,0,NULL,NULL,0,'2014-12-04',NULL,7,NULL,NULL,NULL,1,1,'2014-09-30',1,'2014-12-11',3,'2014-05-12',3,'2012-07-02',26,NULL,NULL,NULL,NULL,NULL,'淮北师范大学',NULL,'2011-06-26',1,NULL,NULL,'叶英波',NULL,'33010520140019740',16401,0,'23300100-140907-11137920',2,'2014','20146026','2017-05-31',0,NULL,1,0,0,NULL,25289,NULL,NULL,NULL,NULL,NULL,NULL,NULL,NULL,NULL,NULL),
	(28011,19724,11130639,'233001','2014',151816,151816,'杨炎春','35082519841022****',29,'76822546-9','淘宝（中国）软件有限公司',151817,151817,'陈梅','35082519831024****',NULL,NULL,'厦门百诚置业有限公司',303987,242586,3,24000,8000,NULL,NULL,NULL,NULL,NULL,NULL,NULL,NULL,NULL,NULL,NULL,3,3,NULL,NULL,NULL,NULL,3,NULL,NULL,NULL,NULL,NULL,NULL,NULL,NULL,NULL,NULL,NULL,NULL,NULL,NULL,0,NULL,NULL,0,'2014-12-04',NULL,5,NULL,NULL,NULL,1,1,'2014-09-28',1,'2014-12-11',3,'2014-01-13',3,'2014-01-01',8,NULL,NULL,NULL,NULL,NULL,'中国科学技术大学',NULL,'2013-01-02',2,NULL,NULL,'戚红霞',NULL,'330110201400269888',16401,0,'23300100-140911-11130639',2,'2014','20145799','2017-01-12',0,NULL,1,0,0,NULL,23527,NULL,NULL,NULL,NULL,NULL,NULL,NULL,NULL,NULL,NULL),
	(28014,20985,11150498,'233001','2014',155213,155213,'姜文炜','33060219871130****',26,'71761427-X','浙江省大成建设集团有限公司',NULL,NULL,NULL,NULL,NULL,NULL,NULL,303992,247563,1,40903,40903,NULL,NULL,NULL,NULL,NULL,NULL,NULL,NULL,NULL,NULL,NULL,1,1,NULL,NULL,NULL,NULL,3,NULL,NULL,NULL,NULL,NULL,NULL,NULL,NULL,NULL,NULL,NULL,NULL,NULL,NULL,0,NULL,NULL,0,'2014-12-04',NULL,5,NULL,NULL,NULL,1,1,'2014-10-10',1,'2014-12-11',3,'2012-08-13',3,'2012-08-17',25,NULL,NULL,NULL,NULL,NULL,'浙江树人大学',NULL,'2011-06-21',1,NULL,NULL,'戚红霞',NULL,'330103201400119331',16401,0,'23300100-141011-11150498',2,'2014','20145447','2015-08-12',0,NULL,1,0,0,NULL,24666,NULL,NULL,NULL,NULL,NULL,NULL,NULL,NULL,NULL,NULL),
	(28016,19799,11131565,'233001','2014',152060,152060,'孟劼','42060219870312****',27,'25391560-4','普天东方通信集团有限公司',152061,152061,'马恒文','32108819870618****',NULL,NULL,'江西昌兴航空装备股份有限公司',303994,242872,2,78378,39189,NULL,NULL,NULL,NULL,NULL,NULL,NULL,NULL,NULL,NULL,NULL,2,2,NULL,NULL,NULL,NULL,3,NULL,NULL,NULL,NULL,NULL,NULL,NULL,NULL,NULL,NULL,NULL,NULL,NULL,NULL,0,NULL,NULL,0,'2014-12-04',NULL,5,NULL,NULL,NULL,1,1,'2014-09-29',1,'2014-12-11',3,'2014-09-10',3,'2012-09-01',24,NULL,NULL,NULL,NULL,NULL,'浙江大学',NULL,'2012-06-30',2,NULL,NULL,'戚红霞',NULL,NULL,16401,0,'23300100-140911-11131565',2,'2014','20145516','2017-09-30',0,NULL,1,0,0,NULL,23641,NULL,NULL,NULL,NULL,NULL,NULL,NULL,NULL,NULL,NULL),
	(28308,19950,11134325,'233001','2014',152460,152460,'吕岩','23262519760216****',38,'78239724-0','浙江全通汽车维修有限公司',152461,152461,'时胜华','23262519750301****',NULL,NULL,'浙江全通汽车维修有限公司',304743,243382,3,52741,17580,NULL,NULL,NULL,NULL,NULL,NULL,NULL,NULL,NULL,NULL,NULL,3,3,NULL,NULL,NULL,NULL,3,NULL,NULL,NULL,NULL,NULL,NULL,NULL,NULL,NULL,NULL,NULL,NULL,NULL,NULL,0,NULL,NULL,0,'2014-12-04',NULL,2,NULL,NULL,NULL,2,1,'2014-09-29',1,'2014-12-11',3,'2014-06-26',1,'2012-09-01',24,NULL,NULL,NULL,NULL,NULL,NULL,NULL,NULL,NULL,NULL,3,'王俊超',NULL,'330103201400029829',16401,0,'23300100-140909-11134325',2,'2014','20144121','2015-06-25',0,NULL,1,0,0,NULL,23805,NULL,NULL,NULL,NULL,NULL,NULL,NULL,NULL,NULL,NULL),
	(28309,17114,11084737,'233001','2014',138428,138428,'陈时旺','34082519891018****',24,'55267517-X','杭州建锦贸易有限公司',NULL,NULL,NULL,NULL,NULL,NULL,NULL,304755,226412,1,22048,22048,NULL,NULL,NULL,NULL,NULL,NULL,NULL,NULL,NULL,NULL,NULL,1,1,NULL,NULL,NULL,NULL,3,NULL,NULL,NULL,NULL,NULL,NULL,NULL,NULL,NULL,NULL,NULL,NULL,NULL,NULL,0,NULL,NULL,0,'2014-12-04',NULL,5,NULL,NULL,NULL,1,1,'2014-09-11',1,'2014-12-11',3,'2012-07-01',2,'2012-09-01',24,NULL,NULL,NULL,NULL,NULL,'皖西学院',NULL,'2012-07-20',1,NULL,NULL,'戚红霞',NULL,'330105201400256745',16401,0,'23300100-140911-11084737',2,'2014','20145324','2014-12-30',0,NULL,1,0,0,NULL,24747,NULL,NULL,NULL,NULL,NULL,NULL,NULL,NULL,NULL,NULL),
	(28310,17506,11093598,'233001','2014',140072,140072,'王进','42232619840510****',30,'47004271-5','浙江省林业科学研究院',140073,140073,'乐玉香','42232619850910****',NULL,NULL,'杭州迈联电子科技有限公司',304776,229795,3,110035,36678,NULL,NULL,NULL,NULL,NULL,NULL,NULL,NULL,NULL,NULL,NULL,3,3,NULL,NULL,NULL,NULL,3,NULL,NULL,NULL,NULL,NULL,NULL,NULL,NULL,NULL,NULL,NULL,NULL,NULL,NULL,0,NULL,NULL,0,'2014-12-04',NULL,5,NULL,NULL,NULL,1,1,'2014-09-15',1,'2014-12-11',3,'2010-12-01',5,NULL,NULL,'2010-12-01',45,NULL,NULL,NULL,'浙江农林大学',NULL,'2009-06-30',2,NULL,NULL,'戚红霞',NULL,NULL,16401,0,'23300100-140911-11093598',2,'2014','20145322','2015-11-30',0,NULL,1,0,0,NULL,20887,NULL,NULL,NULL,NULL,NULL,NULL,NULL,NULL,NULL,NULL),
	(28311,17314,11088409,'233001','2014',139359,139359,'廖燕','33082519860905****',28,'60910017-5','浙江水美环保工程有限公司',NULL,NULL,NULL,NULL,NULL,NULL,NULL,304777,227803,1,34710,34710,NULL,NULL,NULL,NULL,NULL,NULL,NULL,NULL,NULL,NULL,NULL,1,1,NULL,NULL,NULL,NULL,3,NULL,NULL,NULL,NULL,NULL,NULL,NULL,NULL,NULL,NULL,NULL,NULL,NULL,NULL,0,NULL,NULL,0,'2014-12-04',NULL,5,NULL,NULL,NULL,1,1,'2014-09-12',1,'2014-12-11',3,'2014-07-28',3,'2013-03-19',17,NULL,NULL,NULL,NULL,NULL,'浙江工商大学',NULL,'2013-01-15',2,NULL,NULL,'戚红霞',NULL,'330106201300122467',16401,0,'23300100-140911-11088409',2,'2014','20145321','2017-07-27',0,NULL,1,0,0,NULL,20565,NULL,NULL,NULL,NULL,NULL,NULL,NULL,NULL,NULL,NULL),
	(28312,18571,11112152,'233001','2014',147377,147377,'葛允飞','34032119911018****',22,'14304867-7','杭州长运运输集团有限公司',147529,147529,'刘林红','34032119900305****',NULL,NULL,NULL,304778,237504,3,31373,10458,NULL,NULL,NULL,NULL,NULL,NULL,NULL,NULL,NULL,NULL,NULL,3,3,NULL,NULL,NULL,NULL,3,NULL,NULL,NULL,NULL,NULL,NULL,NULL,NULL,NULL,NULL,NULL,NULL,NULL,NULL,0,NULL,NULL,0,'2014-12-04',NULL,2,NULL,NULL,NULL,2,1,'2014-09-23',1,'2014-12-11',3,'2013-04-15',2,'2013-04-01',17,NULL,NULL,NULL,NULL,NULL,NULL,NULL,NULL,NULL,NULL,3,'王俊超',NULL,'330106201400300525',16401,0,'23300100-140909-11112152',2,'2014','20144091','2015-12-31',0,NULL,1,0,0,NULL,22132,NULL,NULL,NULL,NULL,NULL,NULL,NULL,NULL,NULL,NULL),
	(28313,19717,11130574,'233001','2014',151761,151761,'杨旭峰','33052219700320****',44,'14291169-4','浙江外事旅游汽车有限公司',151762,151762,'吴良珍','33082519790202****',NULL,NULL,NULL,304779,242564,2,51053,25527,NULL,NULL,NULL,NULL,NULL,NULL,NULL,NULL,NULL,NULL,NULL,2,2,NULL,NULL,NULL,NULL,3,NULL,NULL,NULL,NULL,NULL,NULL,NULL,NULL,NULL,NULL,NULL,NULL,NULL,NULL,0,NULL,NULL,0,'2014-12-04',NULL,5,NULL,NULL,NULL,2,1,'2014-09-28',1,'2014-12-11',3,'2011-01-07',4,'2012-09-01',24,NULL,NULL,NULL,NULL,NULL,NULL,NULL,NULL,NULL,NULL,3,'戚红霞',NULL,'330105201400202130',16401,0,'23300100-140911-11130574',2,'2014','20145298','2015-01-06',0,NULL,1,0,0,NULL,23510,NULL,NULL,NULL,NULL,NULL,NULL,NULL,NULL,NULL,NULL),
	(28314,16997,11082043,'233001','2014',137694,137694,'卞玉','32068419891001****',24,'57435047-2','天地电研（北京）科技有限公司杭州分公司',NULL,NULL,NULL,NULL,NULL,NULL,NULL,304780,225145,1,41035,41035,NULL,NULL,NULL,NULL,NULL,NULL,NULL,NULL,NULL,NULL,NULL,1,1,NULL,NULL,NULL,NULL,3,NULL,NULL,NULL,NULL,NULL,NULL,NULL,NULL,NULL,NULL,NULL,NULL,NULL,NULL,0,NULL,NULL,0,'2014-12-04',NULL,5,NULL,NULL,NULL,1,1,'2014-09-10',1,'2014-12-11',3,'2012-07-16',3,'2012-08-01',25,NULL,NULL,NULL,NULL,NULL,'河北工业大学',NULL,'2012-06-21',1,NULL,NULL,'戚红霞',NULL,'330106201400250055',16401,0,'23300100-140911-11082043',2,'2014','20145316','2015-07-15',0,NULL,1,0,0,NULL,20239,NULL,NULL,NULL,NULL,NULL,NULL,NULL,NULL,NULL,NULL),
	(28316,19689,11130258,'233001','2014',151642,151642,'高传峰','34122719850526****',29,'14308813-4','浙江城建煤气热电设计院有限公司',NULL,NULL,NULL,NULL,NULL,NULL,NULL,304786,242460,1,34831,34831,NULL,NULL,NULL,NULL,NULL,NULL,NULL,NULL,NULL,NULL,NULL,1,1,NULL,NULL,NULL,NULL,3,NULL,NULL,NULL,NULL,NULL,NULL,NULL,NULL,NULL,NULL,NULL,NULL,NULL,NULL,0,NULL,NULL,0,'2014-12-04',NULL,5,NULL,NULL,NULL,1,1,'2014-09-28',1,'2014-12-11',3,'2012-06-13',5,'2012-09-01',24,NULL,NULL,NULL,NULL,NULL,'北京科技大学',NULL,'2011-01-07',2,NULL,NULL,'戚红霞',NULL,NULL,16401,0,'23300100-140911-11130258',2,'2014','20145227','2017-06-30',0,NULL,1,0,0,NULL,23473,NULL,NULL,NULL,NULL,NULL,NULL,NULL,NULL,NULL,NULL),
	(28317,19785,11131104,'233001','2014',151978,151978,'于滨','22021119830215****',31,'60916844-4','艾康生物枝术（杭州）有限公司',151979,151979,'潘海滔','33032419851116****',NULL,NULL,'浙江大学基础医学院',304789,242781,3,74832,24944,NULL,NULL,NULL,NULL,NULL,NULL,NULL,NULL,NULL,NULL,NULL,3,3,NULL,NULL,NULL,NULL,3,NULL,NULL,NULL,NULL,NULL,NULL,NULL,NULL,NULL,NULL,NULL,NULL,NULL,NULL,0,NULL,NULL,0,'2014-12-04',NULL,5,NULL,NULL,NULL,1,1,'2014-09-29',1,'2014-12-11',3,'2012-06-18',3,'2012-06-01',27,NULL,NULL,NULL,NULL,NULL,'浙江理工大学',NULL,'2011-04-06',2,NULL,NULL,'戚红霞',NULL,NULL,16401,0,'23300100-140911-11131104',2,'2014','20145220','2015-06-17',0,NULL,1,0,0,NULL,23601,NULL,NULL,NULL,NULL,NULL,NULL,NULL,NULL,NULL,NULL),
	(28318,20650,11145406,'233001','2014',154422,154422,'黄佳琪','33068119880920****',26,'79966434-1','杭州网脉通信科技有限公司',NULL,NULL,NULL,NULL,NULL,NULL,NULL,304790,246163,1,39904,39904,NULL,NULL,NULL,NULL,NULL,NULL,NULL,NULL,NULL,NULL,NULL,1,1,NULL,NULL,NULL,NULL,3,NULL,NULL,NULL,NULL,NULL,NULL,NULL,NULL,NULL,NULL,NULL,NULL,NULL,NULL,0,NULL,NULL,0,'2014-12-04',NULL,5,NULL,NULL,NULL,1,1,'2014-10-09',1,'2014-12-11',3,'2013-07-31',2,'2012-09-01',25,NULL,NULL,NULL,NULL,NULL,'大连理工大学',NULL,'2010-06-29',1,NULL,NULL,'戚红霞',NULL,'330106201400064396',16401,0,'23300100-141011-11145406',2,'2014','20145215','2015-12-31',0,NULL,1,0,0,NULL,24506,NULL,NULL,NULL,NULL,NULL,NULL,NULL,NULL,NULL,NULL),
	(28319,19908,11133493,'233001','2014',152305,152305,'高佳佳','32038219870917****',27,'74290397-0','华电电力科学研究院',152306,152306,'陆倩倩','32068319890828****',NULL,NULL,NULL,304791,243267,2,41740,20870,NULL,NULL,NULL,NULL,NULL,NULL,NULL,NULL,NULL,NULL,NULL,2,2,NULL,NULL,NULL,NULL,3,NULL,NULL,NULL,NULL,NULL,NULL,NULL,NULL,NULL,NULL,NULL,NULL,NULL,NULL,0,NULL,NULL,0,'2014-12-04',NULL,5,NULL,NULL,NULL,1,1,'2014-09-29',1,'2014-12-11',3,'2013-08-01',2,'2013-08-01',13,NULL,NULL,NULL,NULL,NULL,'中国科学院大学',NULL,'2013-07-01',2,NULL,NULL,'戚红霞',NULL,NULL,16401,0,'23300100-140911-11133493',2,'2014','20145211','2015-08-01',0,NULL,1,0,0,NULL,23745,NULL,NULL,NULL,NULL,NULL,NULL,NULL,NULL,NULL,NULL),
	(28320,19907,11133431,'233001','2014',152268,152268,'魏鹏鹏','33068319881113****',25,'67162579-X','浙江西城建筑设计有限公司',NULL,NULL,NULL,NULL,NULL,NULL,NULL,304793,243212,1,36564,36564,NULL,NULL,NULL,NULL,NULL,NULL,NULL,NULL,NULL,NULL,NULL,1,1,NULL,NULL,NULL,NULL,3,NULL,NULL,NULL,NULL,NULL,NULL,NULL,NULL,NULL,NULL,NULL,NULL,NULL,NULL,0,NULL,NULL,0,'2014-12-04',NULL,5,NULL,NULL,NULL,1,1,'2014-09-29',1,'2014-12-11',3,'2011-10-07',3,NULL,NULL,'2014-01-23',8,NULL,NULL,NULL,'浙江海洋学院东海科学技术学院',NULL,'2011-06-30',1,NULL,NULL,'戚红霞',NULL,'330106201400353952',16401,0,'23300100-140911-11133431',2,'2014','20145210','2014-10-06',0,NULL,1,0,0,NULL,23740,NULL,NULL,NULL,NULL,NULL,NULL,NULL,NULL,NULL,NULL),
	(28321,17195,11086619,'233001','2014',139069,139069,'金星','33010519831208****',30,'70425283-9','浙江中冠建筑装饰工程有限公司',139070,139070,'金贵兵','33020519830308****',NULL,NULL,'无业',304794,227159,3,39571,13190,30,NULL,NULL,NULL,NULL,NULL,NULL,NULL,NULL,NULL,NULL,3,3,NULL,NULL,NULL,NULL,3,NULL,NULL,NULL,NULL,NULL,NULL,NULL,NULL,NULL,NULL,NULL,NULL,NULL,NULL,0,NULL,NULL,0,'2014-12-04',NULL,5,NULL,NULL,NULL,0,1,'2014-09-11',1,'2014-12-11',3,NULL,NULL,NULL,NULL,NULL,NULL,NULL,NULL,NULL,NULL,NULL,NULL,NULL,NULL,NULL,'戚红霞',NULL,NULL,16401,0,'23300100-140911-11086619',2,'2014','20145226',NULL,0,NULL,1,0,0,NULL,20455,NULL,NULL,NULL,NULL,NULL,NULL,NULL,NULL,NULL,NULL),
	(28322,20652,11145708,'233001','2014',154429,154429,'张菁菁','36040119880629****',26,'77356588-X','林德工程（杭州)有限公司',NULL,NULL,NULL,NULL,NULL,NULL,NULL,304818,246230,1,36814,36814,NULL,NULL,NULL,NULL,NULL,NULL,NULL,NULL,NULL,NULL,NULL,1,1,NULL,NULL,NULL,NULL,3,NULL,NULL,NULL,NULL,NULL,NULL,NULL,NULL,NULL,NULL,NULL,NULL,NULL,NULL,0,NULL,NULL,0,'2014-12-04',NULL,5,NULL,NULL,NULL,1,1,'2014-10-09',1,'2014-12-11',3,'2013-04-01',3,'2013-04-01',18,NULL,NULL,NULL,NULL,NULL,'浙江大学',NULL,'2013-03-30',2,NULL,NULL,'戚红霞',NULL,NULL,16401,0,'23300100-141011-11145708',2,'2014','20145225','2016-04-30',0,NULL,1,0,0,NULL,24517,NULL,NULL,NULL,NULL,NULL,NULL,NULL,NULL,NULL,NULL),
	(28343,20583,11144513,'233001','2014',154217,154217,'刘敏','41052619880620****',26,'14291235-5','浙江省建工集团有限责任公司',NULL,NULL,NULL,NULL,NULL,NULL,NULL,304819,245917,1,19143,19143,NULL,NULL,NULL,NULL,NULL,NULL,NULL,NULL,NULL,NULL,NULL,1,1,NULL,NULL,NULL,NULL,3,NULL,NULL,NULL,NULL,NULL,NULL,NULL,NULL,NULL,NULL,NULL,NULL,NULL,NULL,0,NULL,NULL,0,'2014-12-04',NULL,5,NULL,NULL,NULL,1,1,'2014-10-09',1,'2014-12-11',3,'2013-10-15',3,'2013-10-01',12,NULL,NULL,NULL,NULL,NULL,'湘潭大学',NULL,'2012-06-13',1,NULL,NULL,'戚红霞',NULL,'330106201400304986',16401,0,'23300100-141011-11144513',2,'2014','20145224','2016-10-14',0,NULL,1,0,0,NULL,24435,NULL,NULL,NULL,NULL,NULL,NULL,NULL,NULL,NULL,NULL);

/*!40000 ALTER TABLE `tpg_gzfsqspb` ENABLE KEYS */;
UNLOCK TABLES;


# Dump of table tpg_jtxx
# ------------------------------------------------------------

DROP TABLE IF EXISTS `tpg_jtxx`;

CREATE TABLE `tpg_jtxx` (
  `ID` int(12) NOT NULL DEFAULT '0' COMMENT 'ID',
  `CODE` int(12) DEFAULT NULL COMMENT 'CODE',
  `CJRCODE` int(12) DEFAULT NULL COMMENT '家庭创建人CODE',
  `JTRS` int(2) DEFAULT NULL COMMENT '家庭人数',
  `KNZJLB` int(8) DEFAULT NULL COMMENT '困难证件类别',
  `KNZJHM` varchar(255) DEFAULT NULL COMMENT '困难证件号码',
  `KNZJYXQQ` date DEFAULT NULL COMMENT '困难证件有效期起',
  `KNZJYXQZ` date DEFAULT NULL COMMENT '困难证件有效期至',
  `LSBZ` int(8) DEFAULT NULL COMMENT '历史标志',
  `CJSJ` date DEFAULT NULL COMMENT '创建时间',
  `SFYX` int(1) DEFAULT NULL COMMENT '是否有效',
  `BBBS` varchar(255) DEFAULT NULL COMMENT '版本标识',
  `KNZJMC` int(8) DEFAULT NULL COMMENT '困难证件名称（是困难证件的子类别）',
  PRIMARY KEY (`ID`)
) ENGINE=InnoDB DEFAULT CHARSET=utf8 COMMENT='家庭信息表';

LOCK TABLES `tpg_jtxx` WRITE;
/*!40000 ALTER TABLE `tpg_jtxx` DISABLE KEYS */;

INSERT INTO `tpg_jtxx` (`ID`, `CODE`, `CJRCODE`, `JTRS`, `KNZJLB`, `KNZJHM`, `KNZJYXQQ`, `KNZJYXQZ`, `LSBZ`, `CJSJ`, `SFYX`, `BBBS`, `KNZJMC`)
VALUES
	(298356,244986,153555,4,NULL,NULL,NULL,NULL,0,'2014-12-02',1,'47c3a8a9576f4902b61de3af7635620d',NULL),
	(298357,237722,147849,2,NULL,NULL,NULL,NULL,0,'2014-12-02',1,'868e7764cbd4425791b84117683e67d4',NULL),
	(298397,241742,150879,3,NULL,NULL,NULL,NULL,0,'2014-12-02',1,'76d898221e37489c8432660fa9a78cad',NULL),
	(298412,225881,138186,4,NULL,NULL,NULL,NULL,0,'2014-12-02',1,'05d177c1fed34bc8beb8ea065fcead57',NULL),
	(298418,230071,140208,1,NULL,NULL,NULL,NULL,0,'2014-12-02',1,'f70c267c6fdc4d5b8bb5e6c353ff505e',NULL),
	(298641,231040,140710,1,NULL,NULL,NULL,NULL,0,'2014-12-02',1,'42105bca43414e16b08c2e29cfc075c6',NULL),
	(298796,231515,140906,2,NULL,NULL,NULL,NULL,0,'2014-12-02',1,'a1f0218c5ef041b1b0225a09615a3157',NULL),
	(298801,237068,146986,4,NULL,NULL,NULL,NULL,0,'2014-12-02',1,'ee949e2b023b4a9c93f436d86e1305fc',NULL),
	(298815,225554,138045,3,NULL,NULL,NULL,NULL,0,'2014-12-02',1,'127db2f44fbe49f59db0b578f0479e72',NULL),
	(298841,225593,137953,3,NULL,NULL,NULL,NULL,0,'2014-12-02',1,'29e99bd43a7247d3a309811fd83cad61',NULL),
	(298845,223638,135980,1,NULL,NULL,NULL,NULL,0,'2014-12-02',1,'2433bbfd9fa94a49bb4e9cafea2b200e',NULL),
	(298923,232751,141877,3,NULL,NULL,NULL,NULL,0,'2014-12-02',1,'0eada00afb4f4960b72615fcfafb6214',NULL),
	(298933,220845,133590,3,NULL,NULL,NULL,NULL,0,'2014-12-02',1,'53ce3ddc8afa4880ad73615322bca6ab',NULL),
	(299130,231521,140922,1,NULL,NULL,NULL,NULL,0,'2014-12-02',1,'02c64ca4df5f40bfa1b80b2c3fd48077',NULL),
	(299173,241422,150381,3,NULL,NULL,NULL,NULL,0,'2014-12-02',1,'858804142fe348269d4b96671784f4a8',NULL),
	(299243,242275,151270,1,NULL,NULL,NULL,NULL,0,'2014-12-02',1,'2b4ce1d6c1524c65b74e01d7f042e97a',NULL),
	(299307,241484,150482,1,NULL,NULL,NULL,NULL,0,'2014-12-02',1,'46a2fdd0b8904d11a4e6c4a70c3b46b7',NULL),
	(299375,232092,141119,3,NULL,NULL,NULL,NULL,0,'2014-12-02',1,'c73a20ddcb434fd59f35bac5fd00155a',NULL),
	(299378,237267,147214,1,NULL,NULL,NULL,NULL,0,'2014-12-02',1,'8f76e5261a7e4d2f826727f87d1c279b',NULL),
	(299388,230919,140692,2,NULL,NULL,NULL,NULL,0,'2014-12-02',1,'92e570f924c1499db5887b6395673308',NULL),
	(299425,224948,137594,3,NULL,NULL,NULL,NULL,0,'2014-12-02',1,'6a03d32216664115b5783666b6923d98',NULL),
	(299524,237218,147170,1,NULL,NULL,NULL,NULL,0,'2014-12-02',1,'6a1b27ca283a42a39cd99d42ad0cdf30',NULL),
	(299533,234237,142723,4,NULL,NULL,NULL,NULL,0,'2014-12-02',1,'6d4cb1f0d2914c05899b885e6feeffb6',NULL),
	(299545,238309,148250,3,NULL,NULL,NULL,NULL,0,'2014-12-02',1,'233d5bbb24f4437598d801c1faf39ef2',NULL),
	(299549,235795,143783,2,NULL,NULL,NULL,NULL,0,'2014-12-02',1,'dbf9af841a944740a757c153619fe14f',NULL),
	(299550,238027,148049,1,NULL,NULL,NULL,NULL,0,'2014-12-02',1,'615e5c73c6f14c47846e05f70f5c4740',NULL),
	(299616,230783,140547,1,NULL,NULL,NULL,NULL,0,'2014-12-02',1,'6a283787479c482a9c40026b7ae2420f',NULL),
	(299626,234646,142914,2,NULL,NULL,NULL,NULL,0,'2014-12-02',1,'6f691cbbdef444a5ac9883c68d6bfc48',NULL),
	(299629,231641,140949,4,NULL,NULL,NULL,NULL,0,'2014-12-02',1,'d7390867e8f648dc9862ff98f81814b7',NULL),
	(299755,240725,149933,2,NULL,NULL,NULL,NULL,0,'2014-12-02',1,'58edd97fae3c410aa1ec5eb1bb9bae62',NULL),
	(299779,239147,148944,1,NULL,NULL,NULL,NULL,0,'2014-12-02',1,'86ecd99faa0d4e4291177e05acdc16d1',NULL),
	(299782,240902,150011,3,NULL,NULL,NULL,NULL,0,'2014-12-02',1,'9ac6a2da9f224fe7ac35916d19e67870',NULL),
	(299809,240789,149958,1,NULL,NULL,NULL,NULL,0,'2014-12-02',1,'34e5922e5ff54d8ba4a4c612df83c58b',NULL),
	(299819,233967,142692,3,NULL,NULL,NULL,NULL,0,'2014-12-02',1,'7514138a33634c8f9bca98ca378592e3',NULL),
	(299820,234779,142974,1,NULL,NULL,NULL,NULL,0,'2014-12-02',1,'d283c19d45814e0abf523a1763b9eeda',NULL),
	(299823,227653,139278,1,NULL,NULL,NULL,NULL,0,'2014-12-02',1,'99c39d7c2f854fe2a445f584b6f16797',NULL),
	(299845,239217,148998,1,NULL,NULL,NULL,NULL,0,'2014-12-02',1,'a1ed4d194ecd4aa9a9da141604651db9',NULL),
	(299964,239239,148979,1,NULL,NULL,NULL,NULL,0,'2014-12-02',1,'a5e45aed42df4841bdcf2d9ae033b2a1',NULL),
	(299974,242752,151961,4,NULL,NULL,NULL,NULL,0,'2014-12-02',1,'c8568a91e83a43829aa5ead75e74eb75',NULL),
	(299975,237551,147484,3,NULL,NULL,NULL,NULL,0,'2014-12-02',1,'40c673f036ee42bab69df3f46f46b4a2',NULL),
	(300016,237728,147853,4,NULL,NULL,NULL,NULL,0,'2014-12-02',1,'e40cb245016e4ecaa48504546de8f1bf',NULL),
	(300017,242565,151763,3,NULL,NULL,NULL,NULL,0,'2014-12-02',1,'6e67e6a1797740f78a3fda81bf97e8c9',NULL),
	(300187,230851,140668,2,NULL,NULL,NULL,NULL,0,'2014-12-02',1,'28550d59b3f7448e89f6c845b43293ab',NULL),
	(300610,227855,139394,3,NULL,NULL,NULL,NULL,0,'2014-12-03',1,'7bc1cba30ca84eda9282352b78f7dfa9',NULL),
	(300611,231712,140973,1,NULL,NULL,NULL,NULL,0,'2014-12-03',1,'03e879a081324fc1b23caf6a443c69ce',NULL),
	(300612,220542,133539,1,NULL,NULL,NULL,NULL,0,'2014-12-03',1,'17299ae26dcb4268b040095595e39e8e',NULL),
	(300637,242755,151966,1,NULL,NULL,NULL,NULL,0,'2014-12-03',1,'5c9bbcf9799e4f47b4d4d6a45e4501e7',NULL),
	(300638,234238,142727,2,NULL,NULL,NULL,NULL,0,'2014-12-03',1,'ecf1a7b7f85b41d1bde5177e6fc2af14',NULL),
	(300654,224449,137321,3,NULL,NULL,NULL,NULL,0,'2014-12-03',1,'1cfd88c5361040a0acdbb6fc28a5f856',NULL),
	(300668,225906,138226,3,NULL,NULL,NULL,NULL,0,'2014-12-03',1,'5ad2da98de4948378b419fe0228dbe2a',NULL),
	(300670,227750,139334,2,NULL,NULL,NULL,NULL,0,'2014-12-03',1,'0c64caf4f1c54dd88b52f99aa2a4f459',NULL),
	(300714,226749,138795,4,NULL,NULL,NULL,NULL,0,'2014-12-03',1,'11a6fb148ab247ab93b5e1515272f387',NULL),
	(300732,229436,139833,2,NULL,NULL,NULL,NULL,0,'2014-12-03',1,'8f8e32af03194a22839f81724d296499',NULL),
	(300761,235482,143693,1,NULL,NULL,NULL,NULL,0,'2014-12-03',1,'a5bb78300d2e4205a8eae0ea1bd3d92b',NULL),
	(300804,242677,151860,4,NULL,NULL,NULL,NULL,0,'2014-12-03',1,'46cfcc49fd9a43838ec8c0c03da396e9',NULL),
	(300809,242389,151384,1,NULL,NULL,NULL,NULL,0,'2014-12-03',1,'b23b9aba23f94ffbbc486e96f80ab5d5',NULL),
	(300837,236624,144022,3,NULL,NULL,NULL,NULL,0,'2014-12-03',1,'3df8d1452fc14c43b6fde69c5dc2f4c5',NULL),
	(300843,235773,143749,2,NULL,NULL,NULL,NULL,0,'2014-12-03',1,'f5c953f5374d44ddac1a096f679e8c4e',NULL),
	(300852,235718,143740,3,NULL,NULL,NULL,NULL,0,'2014-12-03',1,'a80fa4420f4243f9a4b24ace6b0a05a6',NULL),
	(300914,231524,140923,1,NULL,NULL,NULL,NULL,0,'2014-12-03',1,'a059c2dd0be84ca998fa75d7d0ebb9b6',NULL),
	(300948,247118,154885,1,NULL,NULL,NULL,NULL,0,'2014-12-03',1,'de792a2ea49646908dead9c5e866d6c1',NULL),
	(300950,226054,138310,4,NULL,NULL,NULL,NULL,0,'2014-12-03',1,'d74902c64c4b4400900a2488ae8ab33b',NULL),
	(300977,224653,137509,1,NULL,NULL,NULL,NULL,0,'2014-12-03',1,'206654dc2fc94148a25076903d15503c',NULL),
	(300984,242777,151974,1,NULL,NULL,NULL,NULL,0,'2014-12-03',1,'c581bc16f9b14804986d155278f35f20',NULL),
	(301041,219913,133163,4,NULL,NULL,NULL,NULL,0,'2014-12-03',1,'e0a610f7b342435fa4516d06d0ba1451',NULL),
	(301055,226743,138794,1,NULL,NULL,NULL,NULL,0,'2014-12-03',1,'a3b8bb1ec4c1415ca09150c7d7abeb4d',NULL),
	(301080,234938,143079,2,NULL,NULL,NULL,NULL,0,'2014-12-03',1,'15470eb972d24695b53b9d0ecce6d6b8',NULL),
	(301081,222044,134024,1,NULL,NULL,NULL,NULL,0,'2014-12-03',1,'14bedfa78ad4498a92f8bd1d10fd9d2e',NULL),
	(303860,237623,147633,4,NULL,NULL,NULL,NULL,0,'2014-12-04',1,'e1410e4ceaf142d9add37429423d42ac',NULL),
	(303869,239063,148826,3,NULL,NULL,NULL,NULL,0,'2014-12-04',1,'c48a99883e3d47eb939494649c1efca9',NULL),
	(303871,243318,152377,2,NULL,NULL,NULL,NULL,0,'2014-12-04',1,'5c8c8947ad6a42f4b1b3572904b2e9be',NULL),
	(303873,240137,149712,2,NULL,NULL,NULL,NULL,0,'2014-12-04',1,'bfdbc4ee9c034a2c9f22552c88cc6de5',NULL),
	(303882,241640,150759,1,NULL,NULL,NULL,NULL,0,'2014-12-04',1,'a8ba547ce92d44d791c5682eb0e65176',NULL),
	(303916,242354,151343,1,NULL,NULL,NULL,NULL,0,'2014-12-04',1,'533e3d4f623546a4a21b04144b443f93',NULL),
	(303928,235024,143416,2,NULL,NULL,NULL,NULL,0,'2014-12-04',1,'5ac4f3608f1c4cb8b7c2edb8b6ab5fd5',NULL),
	(303929,240071,149703,1,NULL,NULL,NULL,NULL,0,'2014-12-04',1,'c4c9c343adc046048666b64d855009fa',NULL),
	(303930,234927,143072,1,NULL,NULL,NULL,NULL,0,'2014-12-04',1,'ebb343adb0544e27a562c2695d3445a4',NULL),
	(303940,233285,142504,1,NULL,NULL,NULL,NULL,0,'2014-12-04',1,'c736c2867351494984be4fcd8b5fd12f',NULL),
	(303943,235311,143596,1,NULL,NULL,NULL,NULL,0,'2014-12-04',1,'3e25ca57c95646b8a33d076bfa204059',NULL),
	(303945,236688,144145,1,NULL,NULL,NULL,NULL,0,'2014-12-04',1,'85d53287bab946a388c2eb98d735e442',NULL),
	(303951,220187,133328,3,NULL,NULL,NULL,NULL,0,'2014-12-04',1,'7345160575fd4ba584d6ef167e3f6cc8',NULL),
	(303982,244559,153152,1,NULL,NULL,NULL,NULL,0,'2014-12-04',1,'9071897b4bba4852a839cc681be45ed9',NULL),
	(303987,242586,151816,3,NULL,NULL,NULL,NULL,0,'2014-12-04',1,'a072d648dd2d4914aebd581308b5c67a',NULL),
	(303992,247563,155213,1,NULL,NULL,NULL,NULL,0,'2014-12-04',1,'132e0953514745c393dd5995d3494e76',NULL),
	(303994,242872,152060,2,NULL,NULL,NULL,NULL,0,'2014-12-04',1,'c8d89acbfc0044b0a86fe97a8057a5d9',NULL),
	(304743,243382,152460,3,NULL,NULL,NULL,NULL,0,'2014-12-04',1,'002db91b4a7b472db42fdf0c6c7e3195',NULL),
	(304755,226412,138428,1,NULL,NULL,NULL,NULL,0,'2014-12-04',1,'cb4b47d6af9542309b1b58a8d8544fab',NULL),
	(304776,229795,140072,3,NULL,NULL,NULL,NULL,0,'2014-12-04',1,'359b8e9ac2724fa684a83a03aa003240',NULL),
	(304777,227803,139359,1,NULL,NULL,NULL,NULL,0,'2014-12-04',1,'b650709a8a7140bfbf9987ba2b93bd3a',NULL),
	(304778,237504,147377,3,NULL,NULL,NULL,NULL,0,'2014-12-04',1,'13a4b9ed1d6849d3b8f5eadfbeae69ef',NULL),
	(304779,242564,151761,2,NULL,NULL,NULL,NULL,0,'2014-12-04',1,'223cfb24252e4300a484556d07a0c0cd',NULL),
	(304780,225145,137694,1,NULL,NULL,NULL,NULL,0,'2014-12-04',1,'4318ea4b8d8d48c4b19e54e838b291a3',NULL),
	(304786,242460,151642,1,NULL,NULL,NULL,NULL,0,'2014-12-04',1,'240969f792ae49e9910d553f54569e5f',NULL),
	(304789,242781,151978,3,NULL,NULL,NULL,NULL,0,'2014-12-04',1,'a59c818a974149d8a8dc7931ee21b34f',NULL),
	(304790,246163,154422,1,NULL,NULL,NULL,NULL,0,'2014-12-04',1,'099f3d4f5be6424fb1f46288c5dc4f29',NULL),
	(304791,243267,152305,2,NULL,NULL,NULL,NULL,0,'2014-12-04',1,'3d9779cdbad34b0eb745cf00632ca9d7',NULL),
	(304793,243212,152268,1,NULL,NULL,NULL,NULL,0,'2014-12-04',1,'1145f84991de45c4aaa0b568c131fc7f',NULL),
	(304794,227159,139069,3,NULL,NULL,NULL,NULL,0,'2014-12-04',1,'72f6776799d3478f9c0ce309a794c176',NULL),
	(304818,246230,154429,1,NULL,NULL,NULL,NULL,0,'2014-12-04',1,'2cbd6b502f594675b04975eb918b1038',NULL),
	(304819,245917,154217,1,NULL,NULL,NULL,NULL,0,'2014-12-04',1,'3039ba9095b94ec49bea0c6feaae1086',NULL);

/*!40000 ALTER TABLE `tpg_jtxx` ENABLE KEYS */;
UNLOCK TABLES;


# Dump of table tpg_ryxx
# ------------------------------------------------------------

DROP TABLE IF EXISTS `tpg_ryxx`;

CREATE TABLE `tpg_ryxx` (
  `ID` int(12) NOT NULL DEFAULT '0' COMMENT 'ID',
  `CODE` int(12) DEFAULT NULL COMMENT 'CODE',
  `BZCODE` int(12) DEFAULT NULL COMMENT '标准CODE',
  `XM` varchar(100) DEFAULT NULL COMMENT '姓名',
  `XB` int(8) DEFAULT NULL COMMENT '性别',
  `ZJLB` char(10) DEFAULT NULL COMMENT '证件类别',
  `SFZH` varchar(50) DEFAULT NULL COMMENT '身份证号',
  `CSRQ` date DEFAULT NULL COMMENT '出生日期',
  `SFYCN` int(1) DEFAULT NULL COMMENT '是否已成年',
  `HYZK` int(8) DEFAULT NULL COMMENT '婚姻状况',
  `XL` int(8) DEFAULT NULL COMMENT '学历',
  `HJLX` int(8) DEFAULT NULL COMMENT '本地居民、本地农业、外地居民、外地农业、外籍',
  `HJHM` varchar(50) DEFAULT NULL COMMENT '户籍号码',
  `HKSZD` varchar(100) DEFAULT NULL COMMENT '户口所在地',
  `HKSCRHSJ` date DEFAULT NULL COMMENT '户口首次入杭时间',
  `SZCQ` int(8) DEFAULT NULL COMMENT '所在城区',
  `SZCQMC` varchar(100) DEFAULT NULL COMMENT '所在城区名称',
  `SZJD` int(8) DEFAULT NULL COMMENT '所在街道',
  `SZJDMC` varchar(100) DEFAULT NULL COMMENT '所在街道名称',
  `SSSQ` int(8) DEFAULT NULL COMMENT '所属社区',
  `SSSQMC` varchar(100) DEFAULT NULL COMMENT '所属社区名称',
  `ZZ` varchar(100) DEFAULT NULL COMMENT '住址',
  `DWID` bigint(20) DEFAULT NULL COMMENT '工作单位ID',
  `DWBH` varchar(50) DEFAULT NULL COMMENT '工作单位编号',
  `DWMC` varchar(100) DEFAULT NULL COMMENT '工作单位名称',
  `DWSSHY` int(8) DEFAULT NULL COMMENT '单位所属行业',
  `ZZQK` int(8) DEFAULT NULL COMMENT '在职情况',
  `ZYZT` int(8) DEFAULT NULL COMMENT '职业状态',
  `ZWZC` int(8) DEFAULT NULL COMMENT '职务职称',
  `CJGZSJ` date DEFAULT NULL COMMENT '参加工作时间',
  `GZSJ` date DEFAULT NULL COMMENT '供职时间',
  `FGGL` int(4) DEFAULT NULL COMMENT '房改工龄',
  `FGJL` int(4) DEFAULT NULL COMMENT '房改教龄',
  `SNDZSR` int(9) DEFAULT NULL COMMENT '上年度总收入',
  `GJJZH` varchar(50) DEFAULT NULL COMMENT '公积金账号',
  `CJZH` varchar(50) DEFAULT NULL COMMENT '残疾证号',
  `CJDJ` int(8) DEFAULT NULL COMMENT '残疾等级',
  `CJLX` int(8) DEFAULT NULL COMMENT '低视力/盲人/上肢/下肢/智力/精神/听力/言语',
  `SFJLS` int(1) DEFAULT NULL COMMENT '是否军烈属',
  `YDDH` varchar(100) DEFAULT NULL COMMENT '移动电话',
  `LXDH` varchar(50) DEFAULT NULL COMMENT '联系电话',
  `LXDZ` varchar(200) DEFAULT NULL COMMENT '联系地址',
  `YZBM` int(6) DEFAULT NULL COMMENT '邮政编码',
  `DZYJ` varchar(100) DEFAULT NULL COMMENT 'EMAIL',
  `BZ` varchar(500) DEFAULT NULL COMMENT '备注',
  `SFGFR` int(1) DEFAULT NULL COMMENT '是否购房人',
  `LSBZ` int(8) DEFAULT NULL COMMENT '历史标志',
  `CJSJ` date DEFAULT NULL COMMENT '创建时间',
  `ZZSJ` date DEFAULT NULL COMMENT '终止时间',
  `SFYX` int(1) DEFAULT NULL COMMENT '是否有效',
  `HTQDSJ` date DEFAULT NULL COMMENT '合同签订时间始',
  `HTQDNS` int(8) DEFAULT NULL COMMENT '合同签订年数',
  `YLBXJNNS` date DEFAULT NULL COMMENT '养老保险交纳时间',
  `JNNS` int(8) DEFAULT NULL COMMENT '养老保险交纳年数',
  `ZFGJJJNSJ` date DEFAULT NULL COMMENT '住房公积金交纳时间',
  `ZFGJJJNNS` int(8) DEFAULT NULL COMMENT '住房公积金交纳年数',
  `SWWSZMQX` date DEFAULT NULL COMMENT '税务完税证明期限',
  `WSNS` int(8) DEFAULT NULL COMMENT '完税年数',
  `ZZZH` varchar(50) DEFAULT NULL COMMENT '临时暂住证',
  `ZYZG` int(8) DEFAULT NULL COMMENT '职业资格',
  `ZC` int(8) DEFAULT NULL COMMENT '职称',
  `BYSJ` date DEFAULT NULL COMMENT '毕业时间',
  `HTQDSJZ` date DEFAULT NULL COMMENT '合同签订时间止',
  `LRHCFW` int(1) DEFAULT NULL COMMENT '列入核查范围（廉租房）',
  `SFXZ` int(1) DEFAULT NULL COMMENT '是否限制购房',
  PRIMARY KEY (`ID`)
) ENGINE=InnoDB DEFAULT CHARSET=utf8 COMMENT='人员信息表';

LOCK TABLES `tpg_ryxx` WRITE;
/*!40000 ALTER TABLE `tpg_ryxx` DISABLE KEYS */;

INSERT INTO `tpg_ryxx` (`ID`, `CODE`, `BZCODE`, `XM`, `XB`, `ZJLB`, `SFZH`, `CSRQ`, `SFYCN`, `HYZK`, `XL`, `HJLX`, `HJHM`, `HKSZD`, `HKSCRHSJ`, `SZCQ`, `SZCQMC`, `SZJD`, `SZJDMC`, `SSSQ`, `SSSQMC`, `ZZ`, `DWID`, `DWBH`, `DWMC`, `DWSSHY`, `ZZQK`, `ZYZT`, `ZWZC`, `CJGZSJ`, `GZSJ`, `FGGL`, `FGJL`, `SNDZSR`, `GJJZH`, `CJZH`, `CJDJ`, `CJLX`, `SFJLS`, `YDDH`, `LXDH`, `LXDZ`, `YZBM`, `DZYJ`, `BZ`, `SFGFR`, `LSBZ`, `CJSJ`, `ZZSJ`, `SFYX`, `HTQDSJ`, `HTQDNS`, `YLBXJNNS`, `JNNS`, `ZFGJJJNSJ`, `ZFGJJJNNS`, `SWWSZMQX`, `WSNS`, `ZZZH`, `ZYZG`, `ZC`, `BYSJ`, `HTQDSJZ`, `LRHCFW`, `SFXZ`)
VALUES
	(133163,133163,0,'张国强',2101,'2000','37048119790120****','1979-01-20',1,1002,NULL,4803,NULL,'山东省滕州市东郭镇前村272号',NULL,5,'西湖区',NULL,NULL,NULL,NULL,NULL,1001000383,'60916844-4','艾康生物枝术（杭州）有限公司',NULL,NULL,16401,NULL,NULL,NULL,NULL,NULL,51594,NULL,NULL,NULL,NULL,NULL,'15957190179',NULL,NULL,NULL,NULL,NULL,NULL,0,'2014-12-03',NULL,1,'2013-12-09',3,'2012-08-01',25,NULL,NULL,NULL,NULL,'370481197901207750',3,NULL,NULL,'2016-12-08',NULL,NULL),
	(133164,133164,0,'葛秀芳',2102,'2000','33082419720726****','1978-09-05',NULL,NULL,NULL,NULL,NULL,NULL,NULL,NULL,NULL,NULL,NULL,NULL,NULL,NULL,NULL,NULL,NULL,NULL,NULL,16407,NULL,NULL,NULL,NULL,NULL,19657,NULL,NULL,NULL,NULL,NULL,NULL,NULL,NULL,NULL,NULL,NULL,NULL,0,'2014-12-03',NULL,1,NULL,NULL,NULL,NULL,NULL,NULL,NULL,NULL,NULL,NULL,NULL,NULL,NULL,NULL,NULL),
	(133165,133165,0,'张雨露',2102,'2000','33012119650519****','2004-03-01',NULL,1001,NULL,4803,NULL,NULL,NULL,NULL,NULL,NULL,NULL,NULL,NULL,NULL,0,NULL,NULL,NULL,NULL,16409,NULL,NULL,NULL,NULL,NULL,0,NULL,NULL,NULL,NULL,NULL,NULL,NULL,NULL,NULL,NULL,NULL,NULL,0,'2014-12-03',NULL,1,NULL,NULL,NULL,NULL,NULL,NULL,NULL,NULL,NULL,NULL,NULL,NULL,NULL,NULL,NULL),
	(133166,133166,0,'张程杭',2101,'2000','33010220020930****','2013-12-02',NULL,1001,NULL,4803,NULL,NULL,NULL,NULL,NULL,NULL,NULL,NULL,NULL,NULL,0,NULL,NULL,NULL,NULL,16410,NULL,NULL,NULL,NULL,NULL,0,NULL,NULL,NULL,NULL,NULL,NULL,NULL,NULL,NULL,NULL,NULL,NULL,0,'2014-12-03',NULL,1,NULL,NULL,NULL,NULL,NULL,NULL,NULL,NULL,NULL,NULL,NULL,NULL,NULL,NULL,NULL),
	(133328,133328,0,'张海森',2101,'2000','33018220000114****','1981-03-23',1,1002,NULL,4803,NULL,NULL,NULL,5,'西湖区',NULL,NULL,NULL,NULL,NULL,1001001670,'07099413-5','绿城物业服务集团有限公司杭州第四分公司',NULL,NULL,16401,NULL,NULL,NULL,NULL,NULL,52782,NULL,NULL,NULL,NULL,NULL,'13857130897',NULL,NULL,NULL,NULL,NULL,NULL,0,'2014-12-04',NULL,1,'2013-10-01',3,'2004-01-01',128,NULL,NULL,NULL,NULL,'330106201400091331',3,NULL,NULL,'2017-03-31',NULL,NULL),
	(133329,133329,0,'华彩雅',2102,'2000','33900519800224****','1980-02-24',NULL,NULL,NULL,NULL,NULL,NULL,NULL,NULL,NULL,NULL,NULL,NULL,NULL,NULL,NULL,NULL,'杭州汉博建筑装饰设计有限公司',NULL,NULL,16401,NULL,NULL,NULL,NULL,NULL,33547,NULL,NULL,NULL,NULL,NULL,NULL,NULL,NULL,NULL,NULL,NULL,NULL,0,'2014-12-04',NULL,1,NULL,NULL,NULL,NULL,NULL,NULL,NULL,NULL,NULL,NULL,NULL,NULL,NULL,NULL,NULL),
	(133330,133330,0,'张羽馨',2102,'2000','33010920070629****','2007-06-29',NULL,1001,NULL,4803,NULL,NULL,NULL,NULL,NULL,NULL,NULL,NULL,NULL,NULL,0,NULL,NULL,NULL,NULL,16409,NULL,NULL,NULL,NULL,NULL,0,NULL,NULL,NULL,NULL,NULL,NULL,NULL,NULL,NULL,NULL,NULL,NULL,0,'2014-12-04',NULL,1,NULL,NULL,NULL,NULL,NULL,NULL,NULL,NULL,NULL,NULL,NULL,NULL,NULL,NULL,NULL),
	(133539,133539,0,'胡庭',2101,'2000','33012719850514****','1985-05-14',1,1001,NULL,4801,NULL,'莫干山路493号','2008-12-03',5,'西湖区',NULL,NULL,NULL,NULL,NULL,1001002619,'72278101-3','杭州嘉威幕墙装饰有限公司',NULL,NULL,16401,NULL,NULL,NULL,NULL,NULL,28250,NULL,NULL,NULL,NULL,NULL,'13675857636',NULL,NULL,NULL,NULL,NULL,NULL,0,'2014-12-03',NULL,1,NULL,NULL,NULL,NULL,NULL,NULL,NULL,NULL,NULL,NULL,NULL,NULL,NULL,NULL,NULL),
	(133590,133590,0,'刘璇',2102,'2000','33062419891021****','1983-05-29',1,1002,NULL,4801,NULL,'惠民路3号','2006-01-01',5,'西湖区',NULL,NULL,NULL,NULL,NULL,1001002624,'72587357-0','杭州大阳化工有限公司',NULL,NULL,16401,NULL,NULL,NULL,NULL,NULL,18774,NULL,NULL,NULL,NULL,NULL,'15968882265',NULL,NULL,NULL,NULL,NULL,NULL,0,'2014-12-02',NULL,1,NULL,NULL,NULL,NULL,NULL,NULL,NULL,NULL,NULL,NULL,NULL,NULL,NULL,NULL,NULL),
	(133591,133591,0,'张成华',2101,'2000','33012219820506****','1982-05-06',NULL,NULL,NULL,NULL,NULL,NULL,NULL,NULL,NULL,NULL,NULL,NULL,NULL,NULL,NULL,NULL,NULL,NULL,NULL,16402,NULL,NULL,NULL,NULL,NULL,17640,NULL,NULL,NULL,NULL,NULL,NULL,NULL,NULL,NULL,NULL,NULL,NULL,0,'2014-12-02',NULL,1,NULL,NULL,NULL,NULL,NULL,NULL,NULL,NULL,NULL,NULL,NULL,NULL,NULL,NULL,NULL),
	(133592,133592,0,'张沐瑶',2102,'2000','33062119870210****','2010-11-11',NULL,1001,NULL,4801,NULL,NULL,NULL,NULL,NULL,NULL,NULL,NULL,NULL,NULL,0,NULL,NULL,NULL,NULL,16409,NULL,NULL,NULL,NULL,NULL,0,NULL,NULL,NULL,NULL,NULL,NULL,NULL,NULL,NULL,NULL,NULL,NULL,0,'2014-12-02',NULL,1,NULL,NULL,NULL,NULL,NULL,NULL,NULL,NULL,NULL,NULL,NULL,NULL,NULL,NULL,NULL),
	(134024,134024,0,'蔡嘉涵',2102,'2000','33082220090219****','1990-09-21',1,1001,1,4803,NULL,NULL,NULL,5,'西湖区',NULL,NULL,NULL,NULL,NULL,1001002893,'69706469-5','杭州倚天公关策划有限公司',NULL,NULL,16401,NULL,NULL,NULL,NULL,NULL,14468,NULL,NULL,NULL,NULL,NULL,'15068716962',NULL,NULL,NULL,NULL,NULL,NULL,0,'2014-12-03',NULL,1,'2013-08-27',2,'2013-08-01',13,NULL,NULL,NULL,NULL,'330106201300427757',NULL,NULL,'2013-06-21','2015-08-26',NULL,NULL),
	(135980,135980,0,'王鹏',2101,'2000','33010219841128****','1984-11-28',1,1001,NULL,4801,NULL,'复兴南苑6-5-702','1984-11-28',5,'西湖区',NULL,NULL,NULL,NULL,NULL,1001002689,'05014640-3','浙江省知识产权研究与服务中心',NULL,NULL,16401,NULL,NULL,NULL,NULL,NULL,24281,NULL,NULL,NULL,NULL,NULL,'15058192621',NULL,NULL,NULL,NULL,NULL,NULL,0,'2014-12-02',NULL,1,NULL,NULL,NULL,NULL,NULL,NULL,NULL,NULL,NULL,NULL,NULL,NULL,NULL,NULL,NULL),
	(137321,137321,0,'朱景泉',2101,'2000','33082219900504****','1975-02-01',1,1002,NULL,4804,NULL,NULL,NULL,5,'西湖区',NULL,NULL,NULL,NULL,NULL,1001000408,'73379610-6','杭州海康威视数字技术股份有限公司',NULL,NULL,16401,NULL,NULL,NULL,NULL,NULL,53628,NULL,NULL,NULL,NULL,NULL,'13588366358',NULL,NULL,NULL,NULL,NULL,NULL,0,'2014-12-03',NULL,1,'2014-07-01',5,'2011-06-01',39,NULL,NULL,NULL,NULL,'330104201400456349',3,NULL,NULL,'2019-06-30',NULL,NULL),
	(137322,137322,0,'邱冬姣',2102,'2000','34082719860319****','1975-11-07',NULL,NULL,NULL,NULL,NULL,NULL,NULL,NULL,NULL,NULL,NULL,NULL,NULL,NULL,NULL,NULL,NULL,NULL,NULL,16407,NULL,NULL,NULL,NULL,NULL,2000,NULL,NULL,NULL,NULL,NULL,NULL,'15167135065',NULL,NULL,NULL,NULL,NULL,0,'2014-12-03',NULL,1,NULL,NULL,NULL,NULL,NULL,NULL,NULL,NULL,NULL,NULL,NULL,NULL,NULL,NULL,NULL),
	(137323,137323,0,'朱逸飞',2101,'2000','36253119720806****','2000-01-14',NULL,1001,NULL,4804,NULL,NULL,NULL,NULL,NULL,NULL,NULL,NULL,NULL,NULL,0,NULL,NULL,NULL,NULL,16409,NULL,NULL,NULL,NULL,NULL,0,NULL,NULL,NULL,NULL,NULL,NULL,NULL,NULL,NULL,NULL,NULL,NULL,0,'2014-12-03',NULL,1,NULL,NULL,NULL,NULL,NULL,NULL,NULL,NULL,NULL,NULL,NULL,NULL,NULL,NULL,NULL),
	(137509,137509,0,'章格',2102,'2000','33078119910811****','1991-08-11',1,1001,1,4804,NULL,'浙江省兰溪市上华街道夏家村',NULL,4,'拱墅区',NULL,NULL,NULL,NULL,NULL,1001002919,'06097978-3','海口市城市规划设计研究院杭州第二分院',NULL,NULL,16401,NULL,NULL,NULL,NULL,NULL,8970,NULL,NULL,NULL,NULL,NULL,'13758136225',NULL,NULL,NULL,NULL,NULL,NULL,0,'2014-12-03',NULL,1,'2013-10-01',1,'2013-10-01',11,NULL,NULL,NULL,NULL,'330106201300315733',NULL,NULL,'2013-06-30','2014-09-30',NULL,NULL),
	(137594,137594,0,'彭金敖',2101,'2000','33108119840512****','1984-05-12',1,1002,1,4804,NULL,NULL,NULL,5,'西湖区',NULL,NULL,NULL,NULL,NULL,1001002923,'59661046-6','江苏元达文化创意有限公司浙江分公司',NULL,NULL,16401,NULL,NULL,NULL,NULL,NULL,72356,NULL,NULL,NULL,NULL,NULL,'13588827231',NULL,NULL,NULL,NULL,NULL,NULL,0,'2014-12-02',NULL,1,'2011-11-20',2,'2011-11-01',34,NULL,NULL,NULL,NULL,'330105201400006915',NULL,NULL,'2008-06-19','2014-10-01',NULL,NULL),
	(137595,137595,0,'方晓芬',2102,'2000','33038119871025****','1987-10-25',NULL,NULL,NULL,NULL,NULL,NULL,NULL,NULL,NULL,NULL,NULL,NULL,NULL,NULL,NULL,NULL,'杭州智光一创科技有限公司',NULL,NULL,16401,NULL,NULL,NULL,NULL,NULL,20684,NULL,NULL,NULL,NULL,NULL,NULL,'13655818481',NULL,NULL,NULL,NULL,NULL,0,'2014-12-02',NULL,1,NULL,NULL,NULL,NULL,NULL,NULL,NULL,NULL,NULL,NULL,NULL,NULL,NULL,NULL,NULL),
	(137596,137596,0,'彭恩典',2101,'2000','33108120130401****','2013-04-01',NULL,1001,NULL,4804,NULL,NULL,NULL,NULL,NULL,NULL,NULL,NULL,NULL,NULL,0,NULL,NULL,NULL,NULL,16410,NULL,NULL,NULL,NULL,NULL,0,NULL,NULL,NULL,NULL,NULL,NULL,NULL,NULL,NULL,NULL,NULL,NULL,0,'2014-12-02',NULL,1,NULL,NULL,NULL,NULL,NULL,NULL,NULL,NULL,NULL,NULL,NULL,NULL,NULL,NULL,NULL),
	(137694,137694,0,'卞玉',2102,'2000','32068419891001****','1989-10-01',1,1001,1,4804,NULL,NULL,NULL,5,'西湖区',NULL,NULL,NULL,NULL,NULL,1001002929,'57435047-2','天地电研（北京）科技有限公司杭州分公司',NULL,NULL,16401,NULL,NULL,NULL,NULL,NULL,41035,NULL,NULL,NULL,NULL,NULL,'15022743036',NULL,NULL,NULL,NULL,NULL,NULL,0,'2014-12-04',NULL,1,'2012-07-16',3,'2012-08-01',25,NULL,NULL,NULL,NULL,'330106201400250055',NULL,NULL,'2012-06-21','2015-07-15',NULL,NULL),
	(137953,137953,0,'冯岚靖',2101,'2000','33032719860324****','1978-03-10',1,1002,NULL,4804,NULL,NULL,NULL,5,'西湖区',NULL,NULL,NULL,NULL,NULL,1001000406,'60913544-X','杭州肯德基有限公司',NULL,NULL,16401,NULL,NULL,NULL,NULL,NULL,45897,NULL,NULL,NULL,NULL,NULL,'13588139233',NULL,NULL,NULL,NULL,NULL,NULL,0,'2014-12-02',NULL,1,'2012-07-09',3,'2012-09-01',24,NULL,NULL,NULL,NULL,'330105201400015075',3,NULL,NULL,'2015-07-08',NULL,NULL),
	(138045,138045,0,'谢志专',2101,'2000','36253119751012****','1984-09-08',1,1002,2,4801,NULL,'保俶路31号',NULL,5,'西湖区',NULL,NULL,NULL,NULL,NULL,1001002935,'75953196-6','杭州市西湖区城建建设中心',NULL,NULL,16401,NULL,NULL,NULL,NULL,NULL,47704,NULL,NULL,NULL,NULL,NULL,'13645812796',NULL,NULL,NULL,NULL,NULL,NULL,0,'2014-12-02',NULL,1,'2012-07-03',3,'2011-06-01',39,NULL,NULL,NULL,NULL,NULL,NULL,NULL,'2011-03-30','2015-07-03',NULL,NULL),
	(138046,138046,0,'李慧明',2102,'2000','63212419870419****','1984-11-18',NULL,NULL,NULL,NULL,NULL,NULL,NULL,NULL,NULL,NULL,NULL,NULL,NULL,NULL,NULL,NULL,'港中旅（安吉）旅游发展有限公司',NULL,NULL,16401,NULL,NULL,NULL,NULL,NULL,32400,NULL,NULL,NULL,NULL,NULL,NULL,'13819108663',NULL,NULL,NULL,NULL,NULL,0,'2014-12-02',NULL,1,NULL,NULL,NULL,NULL,NULL,NULL,NULL,NULL,NULL,NULL,NULL,NULL,NULL,NULL,NULL),
	(138047,138047,0,'谢礼哲',2101,'2000','23212619840702****','2013-05-04',NULL,1001,NULL,4801,NULL,NULL,NULL,NULL,NULL,NULL,NULL,NULL,NULL,NULL,0,NULL,NULL,NULL,NULL,16410,NULL,NULL,NULL,NULL,NULL,0,NULL,NULL,NULL,NULL,NULL,NULL,NULL,NULL,NULL,NULL,NULL,NULL,0,'2014-12-02',NULL,1,NULL,NULL,NULL,NULL,NULL,NULL,NULL,NULL,NULL,NULL,NULL,NULL,NULL,NULL,NULL),
	(138074,138074,0,'陈江燕',2102,'2000','33012719851211****','1979-08-19',NULL,NULL,NULL,NULL,NULL,NULL,NULL,NULL,NULL,NULL,NULL,NULL,NULL,NULL,NULL,NULL,NULL,NULL,NULL,16402,NULL,NULL,NULL,NULL,NULL,0,NULL,NULL,NULL,NULL,NULL,NULL,'15888815706',NULL,NULL,NULL,NULL,NULL,0,'2014-12-02',NULL,1,NULL,NULL,NULL,NULL,NULL,NULL,NULL,NULL,NULL,NULL,NULL,NULL,NULL,NULL,NULL),
	(138075,138075,0,'冯鑫玥',2102,'2000','33052219740301****','2007-08-13',NULL,1001,NULL,4803,NULL,NULL,NULL,NULL,NULL,NULL,NULL,NULL,NULL,NULL,0,NULL,NULL,NULL,NULL,16409,NULL,NULL,NULL,NULL,NULL,0,NULL,NULL,NULL,NULL,NULL,NULL,NULL,NULL,NULL,NULL,NULL,NULL,0,'2014-12-02',NULL,1,NULL,NULL,NULL,NULL,NULL,NULL,NULL,NULL,NULL,NULL,NULL,NULL,NULL,NULL,NULL),
	(138186,138186,0,'赖林敏',2101,'2000','36042419751015****','1975-10-15',1,1002,NULL,4803,NULL,'义宁镇南崖居委会罗桥路1号附1号',NULL,2,'下城区',NULL,NULL,NULL,NULL,NULL,1001000113,'14303484-9','杭州市公共交通集团有限公司',NULL,NULL,16401,NULL,NULL,NULL,NULL,NULL,55745,NULL,NULL,NULL,NULL,NULL,'13819452674',NULL,NULL,NULL,NULL,NULL,NULL,0,'2014-12-02',NULL,1,'2011-01-01',5,'2012-07-01',26,NULL,NULL,NULL,NULL,'330106201400113427',3,NULL,NULL,'2015-12-31',NULL,NULL),
	(138187,138187,0,'刘敏芝',2102,'2000','36042419790715****','1979-07-15',NULL,NULL,NULL,NULL,NULL,NULL,NULL,NULL,NULL,NULL,NULL,NULL,NULL,NULL,NULL,NULL,'浙江北斗星人力资源有限公司',NULL,NULL,16401,NULL,NULL,NULL,NULL,NULL,21380,NULL,NULL,NULL,NULL,NULL,NULL,NULL,NULL,NULL,NULL,NULL,NULL,0,'2014-12-02',NULL,1,NULL,NULL,NULL,NULL,NULL,NULL,NULL,NULL,NULL,NULL,NULL,NULL,NULL,NULL,NULL),
	(138188,138188,0,'赖凯诺',2101,'2000','34120420060123****','2004-01-06',NULL,1001,NULL,4803,NULL,NULL,NULL,NULL,NULL,NULL,NULL,NULL,NULL,NULL,0,NULL,NULL,NULL,NULL,16409,NULL,NULL,NULL,NULL,NULL,0,NULL,NULL,NULL,NULL,NULL,NULL,NULL,NULL,NULL,NULL,NULL,NULL,0,'2014-12-02',NULL,1,NULL,NULL,NULL,NULL,NULL,NULL,NULL,NULL,NULL,NULL,NULL,NULL,NULL,NULL,NULL),
	(138189,138189,0,'赖子萱',2102,'2000','41128219860927****','2014-07-11',NULL,1001,NULL,4803,NULL,NULL,NULL,NULL,NULL,NULL,NULL,NULL,NULL,NULL,0,NULL,NULL,NULL,NULL,16410,NULL,NULL,NULL,NULL,NULL,0,NULL,NULL,NULL,NULL,NULL,NULL,NULL,NULL,NULL,NULL,NULL,NULL,0,'2014-12-02',NULL,1,NULL,NULL,NULL,NULL,NULL,NULL,NULL,NULL,NULL,NULL,NULL,NULL,NULL,NULL,NULL),
	(138226,138226,0,'常冠军',2101,'2000','41032619650710****','1965-07-10',1,1002,NULL,4804,NULL,'河南省汝阳县陶营乡柿元村15组',NULL,2,'下城区',NULL,NULL,NULL,NULL,NULL,1001000113,'14303484-9','杭州市公共交通集团有限公司',NULL,NULL,16401,NULL,NULL,NULL,NULL,NULL,69947,NULL,NULL,NULL,NULL,NULL,'13732253878',NULL,NULL,NULL,NULL,NULL,NULL,0,'2014-12-03',NULL,1,'2011-11-08',5,'2012-08-01',25,NULL,NULL,NULL,NULL,'330106201400121713',3,NULL,NULL,'2016-11-07',NULL,NULL),
	(138227,138227,0,'王喜罕',2102,'2000','33082419680926****','1964-03-12',NULL,NULL,NULL,NULL,NULL,NULL,NULL,NULL,NULL,NULL,NULL,NULL,NULL,NULL,NULL,NULL,NULL,NULL,NULL,16402,NULL,NULL,NULL,NULL,NULL,0,NULL,NULL,NULL,NULL,NULL,NULL,'13623796979',NULL,NULL,NULL,NULL,NULL,0,'2014-12-03',NULL,1,NULL,NULL,NULL,NULL,NULL,NULL,NULL,NULL,NULL,NULL,NULL,NULL,NULL,NULL,NULL),
	(138228,138228,0,'常贻轩',2101,'2000','41032620091111****','2009-11-11',NULL,1001,NULL,4804,NULL,NULL,NULL,NULL,NULL,NULL,NULL,NULL,NULL,NULL,0,NULL,NULL,NULL,NULL,16409,NULL,NULL,NULL,NULL,NULL,0,NULL,NULL,NULL,NULL,NULL,NULL,NULL,NULL,NULL,NULL,NULL,NULL,0,'2014-12-03',NULL,1,NULL,NULL,NULL,NULL,NULL,NULL,NULL,NULL,NULL,NULL,NULL,NULL,NULL,NULL,NULL),
	(138310,138310,0,'唐美红',2102,'2000','61210219780310****','1979-06-09',1,1002,NULL,4804,NULL,'淳安县姜家镇木旺村171号',NULL,4,'拱墅区',NULL,NULL,NULL,NULL,NULL,1001002939,'L6934547','杭州市拱墅区艾妮娜美甲店',NULL,NULL,16401,NULL,NULL,NULL,NULL,NULL,17640,NULL,NULL,NULL,NULL,NULL,'15167179018',NULL,NULL,NULL,NULL,NULL,NULL,0,'2014-12-03',NULL,1,'2014-04-23',4,'2014-01-01',8,NULL,NULL,NULL,NULL,'330105201400202413',3,NULL,NULL,'2018-04-23',NULL,NULL),
	(138311,138311,0,'姜国军',2101,'2000','33068119871205****','1972-02-24',NULL,NULL,NULL,NULL,NULL,NULL,NULL,NULL,NULL,NULL,NULL,NULL,NULL,NULL,NULL,NULL,'杭州安心出租车有限公司',NULL,NULL,16401,NULL,NULL,NULL,NULL,NULL,61380,NULL,NULL,NULL,NULL,NULL,NULL,'13606506468',NULL,NULL,NULL,NULL,NULL,0,'2014-12-03',NULL,1,NULL,NULL,NULL,NULL,NULL,NULL,NULL,NULL,NULL,NULL,NULL,NULL,NULL,NULL,NULL),
	(138312,138312,0,'唐升杰',2101,'2000','33082419700417****','2003-03-06',NULL,1001,NULL,4804,NULL,NULL,NULL,NULL,NULL,NULL,NULL,NULL,NULL,NULL,0,NULL,NULL,NULL,NULL,16410,NULL,NULL,NULL,NULL,NULL,0,NULL,NULL,NULL,NULL,NULL,NULL,NULL,NULL,NULL,NULL,NULL,NULL,0,'2014-12-03',NULL,1,NULL,NULL,NULL,NULL,NULL,NULL,NULL,NULL,NULL,NULL,NULL,NULL,NULL,NULL,NULL),
	(138313,138313,0,'唐云飞',2102,'2000','37283119720103****','2000-09-23',NULL,1001,NULL,4804,NULL,NULL,NULL,NULL,NULL,NULL,NULL,NULL,NULL,NULL,0,NULL,NULL,NULL,NULL,16409,NULL,NULL,NULL,NULL,NULL,0,NULL,NULL,NULL,NULL,NULL,NULL,NULL,NULL,NULL,NULL,NULL,NULL,0,'2014-12-03',NULL,1,NULL,NULL,NULL,NULL,NULL,NULL,NULL,NULL,NULL,NULL,NULL,NULL,NULL,NULL,NULL),
	(138428,138428,0,'陈时旺',2101,'2000','34210119800208****','1989-10-18',1,1001,1,4804,NULL,'登云路408-19-1-401',NULL,5,'西湖区',NULL,NULL,NULL,NULL,NULL,1001002944,'55267517-X','杭州建锦贸易有限公司',NULL,NULL,16401,NULL,NULL,NULL,NULL,NULL,22048,NULL,NULL,NULL,NULL,NULL,'15968180289',NULL,NULL,NULL,NULL,NULL,NULL,0,'2014-12-04',NULL,1,'2012-07-01',2,'2012-09-01',24,NULL,NULL,NULL,NULL,'330105201400256745',NULL,NULL,'2012-07-20','2014-12-30',NULL,NULL),
	(138794,138794,0,'陈文瑛',2102,'2000','33010319881028****','1988-10-28',1,1001,NULL,4801,NULL,'永康苑13-8-701','1988-10-28',4,'拱墅区',NULL,NULL,NULL,NULL,NULL,3015000005,'73323233-5','杭州市拱墅区湖墅街道社区服务和帮扶救助中心',NULL,NULL,16401,NULL,NULL,NULL,NULL,NULL,45792,NULL,NULL,NULL,NULL,NULL,'13675892493',NULL,NULL,NULL,NULL,NULL,NULL,0,'2014-12-03',NULL,1,NULL,NULL,NULL,NULL,NULL,NULL,NULL,NULL,NULL,NULL,NULL,NULL,NULL,NULL,NULL),
	(138795,138795,0,'柴委民',2101,'2000','41040219710115****','1971-01-15',1,1002,NULL,4803,NULL,'河南省平顶山新华区西建设街7号楼25号',NULL,2,'下城区',NULL,NULL,NULL,NULL,NULL,1001000113,'14303484-9','杭州市公共交通集团有限公司',NULL,NULL,16401,NULL,NULL,NULL,NULL,NULL,59452,NULL,NULL,NULL,NULL,NULL,'13588076955',NULL,NULL,NULL,NULL,NULL,NULL,0,'2014-12-03',NULL,1,'2012-09-01',3,'2012-09-01',24,NULL,NULL,NULL,NULL,'330106201400150522',3,NULL,NULL,'2015-08-31',NULL,NULL),
	(138796,138796,0,'王松佩',2102,'2000','41040319740408****','1974-04-08',NULL,NULL,NULL,NULL,NULL,NULL,NULL,NULL,NULL,NULL,NULL,NULL,NULL,NULL,NULL,NULL,'杭州市公共自行车公司',NULL,NULL,16401,NULL,NULL,NULL,NULL,NULL,19509,NULL,NULL,NULL,NULL,NULL,NULL,'13456827287',NULL,NULL,NULL,NULL,NULL,0,'2014-12-03',NULL,1,NULL,NULL,NULL,NULL,NULL,NULL,NULL,NULL,NULL,NULL,NULL,NULL,NULL,NULL,NULL),
	(138797,138797,0,'柴一丹',2102,'2000','41040220000405****','2000-04-05',NULL,1001,NULL,4803,NULL,NULL,NULL,NULL,NULL,NULL,NULL,NULL,NULL,NULL,0,NULL,NULL,NULL,NULL,16409,NULL,NULL,NULL,NULL,NULL,0,NULL,NULL,NULL,NULL,NULL,NULL,NULL,NULL,NULL,NULL,NULL,NULL,0,'2014-12-03',NULL,1,NULL,NULL,NULL,NULL,NULL,NULL,NULL,NULL,NULL,NULL,NULL,NULL,NULL,NULL,NULL),
	(138798,138798,0,'柴荣轩',2101,'2000','41041120080424****','2008-04-24',NULL,1001,NULL,4803,NULL,NULL,NULL,NULL,NULL,NULL,NULL,NULL,NULL,NULL,0,NULL,NULL,NULL,NULL,16409,NULL,NULL,NULL,NULL,NULL,0,NULL,NULL,NULL,NULL,NULL,NULL,NULL,NULL,NULL,NULL,NULL,NULL,0,'2014-12-03',NULL,1,NULL,NULL,NULL,NULL,NULL,NULL,NULL,NULL,NULL,NULL,NULL,NULL,NULL,NULL,NULL),
	(139069,139069,0,'金星',2102,'2000','41140219990212****','1983-12-08',1,1002,NULL,4801,NULL,'大关苑东四苑10-3-502','1983-12-08',5,'西湖区',NULL,NULL,NULL,NULL,NULL,1001002476,'70425283-9','浙江中冠建筑装饰工程有限公司',NULL,NULL,16401,NULL,NULL,NULL,NULL,NULL,21931,NULL,NULL,NULL,NULL,NULL,'18857899969',NULL,NULL,NULL,NULL,NULL,NULL,0,'2014-12-04',NULL,1,NULL,NULL,NULL,NULL,NULL,NULL,NULL,NULL,NULL,NULL,NULL,NULL,NULL,NULL,NULL),
	(139070,139070,0,'金贵兵',2101,'2000','37048120131202****','1983-03-08',NULL,NULL,NULL,NULL,NULL,NULL,NULL,NULL,NULL,NULL,NULL,NULL,NULL,NULL,NULL,NULL,'无业',NULL,NULL,16402,NULL,NULL,NULL,NULL,NULL,17640,NULL,NULL,NULL,NULL,NULL,NULL,'18857611688',NULL,NULL,NULL,NULL,NULL,0,'2014-12-04',NULL,1,NULL,NULL,NULL,NULL,NULL,NULL,NULL,NULL,NULL,NULL,NULL,NULL,NULL,NULL,NULL),
	(139278,139278,0,'甘俊磊',2101,'2000','36078219871026****','1990-02-26',1,1001,1,4804,NULL,'丰城市铁路镇铁市村新洲组83号',NULL,4,'拱墅区',NULL,NULL,NULL,NULL,NULL,1001002630,'72523257-0','杭州奥默医药股份有限公司',4799,NULL,16401,NULL,NULL,NULL,NULL,NULL,14007,NULL,NULL,NULL,NULL,NULL,'18867530185',NULL,NULL,NULL,NULL,NULL,NULL,0,'2014-12-02',NULL,1,'2013-07-02',3,'2013-10-01',11,NULL,NULL,NULL,NULL,'330105201400255928',NULL,NULL,'2013-07-03','2016-07-01',NULL,NULL),
	(139334,139334,0,'赵呈松',2101,'2000','33012419811121****','1963-09-09',1,1002,NULL,4803,NULL,'山东省曹县青堌集镇复程路89号',NULL,2,'下城区',NULL,NULL,NULL,NULL,NULL,1001000113,'14303484-9','杭州市公共交通集团有限公司',NULL,NULL,16401,NULL,NULL,NULL,NULL,NULL,62857,NULL,NULL,NULL,NULL,NULL,'15925665598',NULL,NULL,NULL,NULL,NULL,NULL,0,'2014-12-03',NULL,1,'2011-06-18',5,'2012-07-01',26,NULL,NULL,NULL,NULL,'330110201300861942',3,NULL,NULL,'2016-06-17',NULL,NULL),
	(139335,139335,0,'樊恩云',2102,'2000','33012719790609****','1964-10-11',NULL,NULL,NULL,NULL,NULL,NULL,NULL,NULL,NULL,NULL,NULL,NULL,NULL,NULL,NULL,NULL,'杭州姚生记食品有限公司',NULL,NULL,16401,NULL,NULL,NULL,NULL,NULL,28206,NULL,NULL,NULL,NULL,NULL,NULL,'15168313292',NULL,NULL,NULL,NULL,NULL,0,'2014-12-03',NULL,1,NULL,NULL,NULL,NULL,NULL,NULL,NULL,NULL,NULL,NULL,NULL,NULL,NULL,NULL,NULL),
	(139359,139359,0,'廖燕',2102,'2000','41232219741216****','1986-09-05',1,1001,2,4804,NULL,NULL,NULL,5,'西湖区',NULL,NULL,NULL,NULL,NULL,1001002987,'60910017-5','浙江水美环保工程有限公司',NULL,NULL,16401,NULL,NULL,NULL,NULL,NULL,34710,NULL,NULL,NULL,NULL,NULL,'15925686695',NULL,NULL,NULL,NULL,NULL,NULL,0,'2014-12-04',NULL,1,'2014-07-28',3,'2013-03-19',17,NULL,NULL,NULL,NULL,'330106201300122467',NULL,NULL,'2013-01-15','2017-07-27',NULL,NULL),
	(139394,139394,0,'曾菊梅',2102,'2000','37132520100316****','1968-09-26',1,1002,NULL,4804,NULL,NULL,NULL,5,'西湖区',NULL,NULL,NULL,NULL,NULL,1001002486,'57730101-9','江南布衣服饰有限公司',NULL,NULL,16401,NULL,NULL,NULL,NULL,NULL,50368,NULL,NULL,NULL,NULL,NULL,'13588058692',NULL,NULL,NULL,NULL,NULL,NULL,0,'2014-12-03',NULL,1,'2013-01-01',2,'2012-09-01',24,NULL,NULL,NULL,NULL,'330103201300097357',3,NULL,NULL,'2015-06-12',NULL,NULL),
	(139395,139395,0,'王家杰',2101,'2000','36232319900105****','1965-11-11',NULL,NULL,NULL,NULL,NULL,NULL,NULL,NULL,NULL,NULL,NULL,NULL,NULL,NULL,NULL,NULL,NULL,NULL,NULL,16407,NULL,NULL,NULL,NULL,NULL,20000,NULL,NULL,NULL,NULL,NULL,NULL,'15869080442',NULL,NULL,NULL,NULL,NULL,0,'2014-12-03',NULL,1,NULL,NULL,NULL,NULL,NULL,NULL,NULL,NULL,NULL,NULL,NULL,NULL,NULL,NULL,NULL),
	(139396,139396,0,'王曾',2102,'2000','33018520051226****','1998-11-11',NULL,1001,NULL,4804,NULL,NULL,NULL,NULL,NULL,NULL,NULL,NULL,NULL,NULL,0,NULL,NULL,NULL,NULL,16409,NULL,NULL,NULL,NULL,NULL,0,NULL,NULL,NULL,NULL,NULL,NULL,NULL,NULL,NULL,NULL,NULL,NULL,0,'2014-12-03',NULL,1,NULL,NULL,NULL,NULL,NULL,NULL,NULL,NULL,NULL,NULL,NULL,NULL,NULL,NULL,NULL),
	(139833,139833,0,'吴德民',2101,'2000','36232319870723****','1976-01-09',1,1002,NULL,4801,NULL,'流水东苑14-3-104','1998-08-05',1,'上城区',NULL,NULL,NULL,NULL,NULL,1001003007,'72660426-8','杭州通达控制系统有限公司',NULL,NULL,16401,NULL,NULL,NULL,NULL,NULL,21360,NULL,NULL,NULL,NULL,NULL,'18969027938',NULL,NULL,NULL,NULL,NULL,NULL,0,'2014-12-03',NULL,1,NULL,NULL,NULL,NULL,NULL,NULL,NULL,NULL,NULL,NULL,NULL,NULL,NULL,NULL,NULL),
	(139854,139854,0,'陈美红',2102,'2000','33052119791003****','1979-11-13',NULL,NULL,NULL,NULL,NULL,NULL,NULL,NULL,NULL,NULL,NULL,NULL,NULL,NULL,NULL,NULL,'杭州大厦有限公司',NULL,NULL,16401,NULL,NULL,NULL,NULL,NULL,70114,NULL,NULL,NULL,NULL,NULL,NULL,'13325714300',NULL,NULL,NULL,NULL,NULL,0,'2014-12-03',NULL,1,NULL,NULL,NULL,NULL,NULL,NULL,NULL,NULL,NULL,NULL,NULL,NULL,NULL,NULL,NULL),
	(140072,140072,0,'王进',2101,'2000','42232619840510****','1984-05-10',1,1002,2,4801,NULL,'留和路399号',NULL,5,'西湖区',NULL,NULL,NULL,NULL,NULL,1001003012,'47004271-5','浙江省林业科学研究院',NULL,NULL,16401,NULL,NULL,NULL,NULL,NULL,75035,NULL,NULL,NULL,NULL,NULL,'13454180102',NULL,NULL,NULL,NULL,NULL,NULL,0,'2014-12-04',NULL,1,'2010-12-01',5,NULL,NULL,'2010-12-01',45,NULL,NULL,NULL,NULL,NULL,'2009-06-30','2015-11-30',NULL,NULL),
	(140073,140073,0,'乐玉香',2102,'2000','42232619850910****','1985-09-10',NULL,NULL,NULL,NULL,NULL,NULL,NULL,NULL,NULL,NULL,NULL,NULL,NULL,NULL,NULL,NULL,'杭州迈联电子科技有限公司',NULL,NULL,16401,NULL,NULL,NULL,NULL,NULL,35000,NULL,NULL,NULL,NULL,NULL,NULL,'1385815178',NULL,NULL,NULL,NULL,NULL,0,'2014-12-04',NULL,1,NULL,NULL,NULL,NULL,NULL,NULL,NULL,NULL,NULL,NULL,NULL,NULL,NULL,NULL,NULL),
	(140094,140094,0,'王旗烁',2101,'2000','33010620110625****','2011-06-25',NULL,1001,NULL,4801,NULL,NULL,NULL,NULL,NULL,NULL,NULL,NULL,NULL,NULL,0,NULL,NULL,NULL,NULL,16409,NULL,NULL,NULL,NULL,NULL,0,NULL,NULL,NULL,NULL,NULL,NULL,NULL,NULL,NULL,NULL,NULL,NULL,0,'2014-12-04',NULL,1,NULL,NULL,NULL,NULL,NULL,NULL,NULL,NULL,NULL,NULL,NULL,NULL,NULL,NULL,NULL),
	(140208,140208,0,'陶泓铭',2101,'2000','34082620090303****','1986-12-09',1,1001,2,4803,NULL,'西关下村2组（园林社区居委会）',NULL,2,'下城区',NULL,NULL,NULL,NULL,NULL,1001000062,'72008430-2','浙江雷博人力资源开发有限公司',NULL,NULL,16401,NULL,NULL,NULL,NULL,NULL,37970,NULL,NULL,NULL,NULL,NULL,'18358105708',NULL,NULL,NULL,NULL,NULL,NULL,0,'2014-12-02',NULL,1,'2013-03-01',2,'2013-03-01',18,NULL,NULL,NULL,NULL,'330106201300034014',NULL,NULL,'2012-03-12','2015-02-28',NULL,NULL),
	(140547,140547,0,'林雪怡',2102,'2000','33108119920208****','1992-02-08',1,1001,1,4801,NULL,'灵隐路12号',NULL,8,'西湖区风景名胜区',NULL,NULL,NULL,NULL,NULL,1015000023,'47005173-4','浙江医院',NULL,NULL,16401,NULL,NULL,NULL,NULL,NULL,13229,NULL,NULL,NULL,NULL,NULL,'15158807856',NULL,NULL,NULL,NULL,NULL,NULL,0,'2014-12-02',NULL,1,'2013-07-22',4,'2013-07-01',14,NULL,NULL,NULL,NULL,NULL,NULL,NULL,'2013-06-24','2018-06-30',NULL,NULL),
	(140668,140668,0,'朱康',2101,'2000','33010319610424****','1982-10-20',1,1002,2,4801,NULL,'东新路155号',NULL,5,'西湖区',NULL,NULL,NULL,NULL,NULL,1001003046,'59660582-7','杭州邦原科技有限公司',NULL,NULL,16401,NULL,NULL,NULL,NULL,NULL,26963,NULL,NULL,NULL,NULL,NULL,'18668103712',NULL,NULL,NULL,NULL,NULL,NULL,0,'2014-12-02',NULL,1,'2013-01-01',2,'2013-06-01',15,NULL,NULL,NULL,NULL,NULL,NULL,NULL,'2011-07-07','2015-01-01',NULL,NULL),
	(140669,140669,0,'张蕾',2102,'2000','33018220011226****','1984-07-02',NULL,NULL,NULL,NULL,NULL,NULL,NULL,NULL,NULL,NULL,NULL,NULL,NULL,NULL,NULL,NULL,NULL,NULL,NULL,16402,NULL,NULL,NULL,NULL,NULL,17640,NULL,NULL,NULL,NULL,NULL,NULL,'18658814866',NULL,NULL,NULL,NULL,NULL,0,'2014-12-02',NULL,1,NULL,NULL,NULL,NULL,NULL,NULL,NULL,NULL,NULL,NULL,NULL,NULL,NULL,NULL,NULL),
	(140692,140692,0,'王仙玉',2102,'2000','34082519891018****','1986-02-07',1,1002,NULL,4801,NULL,'曙光路148号',NULL,5,'西湖区',NULL,NULL,NULL,NULL,NULL,1001003048,'78465193-5','浙江养生堂实业发展有限公司',NULL,NULL,16401,NULL,NULL,NULL,NULL,NULL,43878,NULL,NULL,NULL,NULL,NULL,'15925635967',NULL,NULL,NULL,NULL,NULL,NULL,0,'2014-12-02',NULL,1,'2011-03-24',4,'2011-03-24',41,NULL,NULL,NULL,NULL,NULL,NULL,2,NULL,'2015-03-24',NULL,NULL),
	(140693,140693,0,'李玉伟',2101,'2000','37083019840424****','1984-04-24',NULL,NULL,NULL,NULL,NULL,NULL,NULL,NULL,NULL,NULL,NULL,NULL,NULL,NULL,NULL,NULL,'浙江中小企业大厦物业管理有限公司',NULL,NULL,16401,NULL,NULL,NULL,NULL,NULL,34076,NULL,NULL,NULL,NULL,NULL,NULL,NULL,NULL,NULL,NULL,NULL,NULL,0,'2014-12-02',NULL,1,NULL,NULL,NULL,NULL,NULL,NULL,NULL,NULL,NULL,NULL,NULL,NULL,NULL,NULL,NULL),
	(140710,140710,0,'徐海英',2102,'2000','33052119880401****','1988-04-01',1,1001,1,4804,NULL,NULL,NULL,5,'西湖区',NULL,NULL,NULL,NULL,NULL,1001003051,'05131800-0','浙江泽汉律师事务所',NULL,NULL,16401,NULL,NULL,NULL,NULL,NULL,18000,NULL,NULL,NULL,NULL,NULL,'18658818695',NULL,NULL,NULL,NULL,NULL,NULL,0,'2014-12-02',NULL,1,'2012-09-30',2,'2012-10-01',23,NULL,NULL,NULL,NULL,'330106201400222452',NULL,NULL,'2012-07-01','2014-09-29',NULL,NULL),
	(140906,140906,0,'金鑫',2102,'2000','21011119890322****','1989-03-22',1,1002,1,4804,NULL,NULL,NULL,5,'西湖区',NULL,NULL,NULL,NULL,NULL,1001002985,'72005178-9','杭州华光计算机工程有限公司',NULL,NULL,16401,NULL,NULL,NULL,NULL,NULL,30326,NULL,NULL,NULL,NULL,NULL,'18857135291',NULL,NULL,NULL,NULL,NULL,NULL,0,'2014-12-02',NULL,1,'2014-01-21',1,'2012-09-01',24,NULL,NULL,NULL,NULL,'330106201400058086',NULL,NULL,'2011-07-15','2015-01-20',NULL,NULL),
	(140907,140907,0,'祝建仁',2101,'2000','34242319750227****','1987-12-05',NULL,NULL,NULL,NULL,NULL,NULL,NULL,NULL,NULL,NULL,NULL,NULL,NULL,NULL,NULL,NULL,'杭州杭真真空工程技术有限公司',NULL,NULL,16401,NULL,NULL,NULL,NULL,NULL,35160,NULL,NULL,NULL,NULL,NULL,NULL,'18857132351',NULL,NULL,NULL,NULL,NULL,0,'2014-12-02',NULL,1,NULL,NULL,NULL,NULL,NULL,NULL,NULL,NULL,NULL,NULL,NULL,NULL,NULL,NULL,NULL),
	(140922,140922,0,'吴林美',2102,'2000','33068119880403****','1990-01-05',1,1001,1,4804,NULL,'七古登192-15-304',NULL,2,'下城区',NULL,NULL,NULL,NULL,NULL,1001003069,'56058500-0','杭州重熏堂品牌设计有限公司',NULL,NULL,16401,NULL,NULL,NULL,NULL,NULL,21588,NULL,NULL,NULL,NULL,NULL,'18258890742',NULL,NULL,NULL,NULL,NULL,NULL,0,'2014-12-02',NULL,1,'2012-10-01',2,'2012-10-01',23,NULL,NULL,NULL,NULL,'330105201400156224',NULL,NULL,'2012-06-14','2014-09-30',NULL,NULL),
	(140923,140923,0,'王俊彦',2101,'2000','33010619860822****','1986-08-22',1,1001,NULL,4801,NULL,'景芳一区24-1-201','1986-08-22',5,'西湖区',NULL,NULL,NULL,NULL,NULL,1001001873,'14310420-2','中国美术学院风景建筑设计研究院',NULL,NULL,16401,NULL,NULL,NULL,NULL,NULL,22291,NULL,NULL,NULL,NULL,NULL,'13675816873',NULL,NULL,NULL,NULL,NULL,NULL,0,'2014-12-03',NULL,1,NULL,NULL,NULL,NULL,NULL,NULL,NULL,NULL,NULL,NULL,NULL,NULL,NULL,NULL,NULL),
	(140949,140949,0,'江张平',2101,'2000','34082619780806****','1978-08-06',1,1002,NULL,4804,NULL,'安徽省安庆市宿松县程岭乡纱帽村桃元组28号',NULL,2,'下城区',NULL,NULL,NULL,NULL,NULL,1001003070,'74717209-7','杭州佳辰汽车配件销售有限公司',NULL,NULL,16401,NULL,NULL,NULL,NULL,NULL,29947,NULL,NULL,NULL,NULL,NULL,'13588820210',NULL,NULL,NULL,NULL,NULL,NULL,0,'2014-12-02',NULL,1,'2013-01-01',5,'2012-07-01',26,NULL,NULL,NULL,NULL,'330105201200288114',3,NULL,NULL,'2017-12-31',NULL,NULL),
	(140950,140950,0,'石江洪',2102,'2000','34082619790608****','1979-06-08',NULL,NULL,NULL,NULL,NULL,NULL,NULL,NULL,NULL,NULL,NULL,NULL,NULL,NULL,NULL,NULL,'杭州欧尚超市有限公司',NULL,NULL,16401,NULL,NULL,NULL,NULL,NULL,14366,NULL,NULL,NULL,NULL,NULL,NULL,'13588059882',NULL,NULL,NULL,NULL,NULL,0,'2014-12-02',NULL,1,NULL,NULL,NULL,NULL,NULL,NULL,NULL,NULL,NULL,NULL,NULL,NULL,NULL,NULL,NULL),
	(140951,140951,0,'江浩冉',2101,'2000','32038219870917****','2005-08-18',NULL,1001,NULL,4804,NULL,NULL,NULL,NULL,NULL,NULL,NULL,NULL,NULL,NULL,0,NULL,NULL,NULL,NULL,16409,NULL,NULL,NULL,NULL,NULL,0,NULL,NULL,NULL,NULL,NULL,NULL,NULL,NULL,NULL,NULL,NULL,NULL,0,'2014-12-02',NULL,1,NULL,NULL,NULL,NULL,NULL,NULL,NULL,NULL,NULL,NULL,NULL,NULL,NULL,NULL,NULL),
	(140952,140952,0,'江星冉',2101,'2000','62282519791128****','2009-03-03',NULL,1001,NULL,4804,NULL,NULL,NULL,NULL,NULL,NULL,NULL,NULL,NULL,NULL,0,NULL,NULL,NULL,NULL,16409,NULL,NULL,NULL,NULL,NULL,0,NULL,NULL,NULL,NULL,NULL,NULL,NULL,NULL,NULL,NULL,NULL,NULL,0,'2014-12-02',NULL,1,NULL,NULL,NULL,NULL,NULL,NULL,NULL,NULL,NULL,NULL,NULL,NULL,NULL,NULL,NULL),
	(140973,140973,0,'陈跃军',2101,'2000','61210219790819****','1989-01-02',1,1001,1,4804,NULL,NULL,NULL,5,'西湖区',NULL,NULL,NULL,NULL,NULL,1001003077,'60913337-2','中程科技有限公司',NULL,NULL,16401,NULL,NULL,NULL,NULL,NULL,16536,NULL,NULL,NULL,NULL,NULL,'13735800910',NULL,NULL,NULL,NULL,NULL,NULL,0,'2014-12-03',NULL,1,'2013-07-01',3,'2013-07-24',13,NULL,NULL,NULL,NULL,'330106201300427509',NULL,NULL,'2013-06-30','2016-06-30',NULL,NULL),
	(141119,141119,0,'陈文达',2101,'2000','41042119700207****','1977-04-05',1,1002,NULL,4803,NULL,'孟西村丁家浜3号',NULL,2,'下城区',NULL,NULL,NULL,NULL,NULL,1001003087,'66231993-4','杭州佳时通讯技术有限公司',NULL,NULL,16401,NULL,NULL,NULL,NULL,NULL,16092,NULL,NULL,NULL,NULL,NULL,'18657121218',NULL,NULL,NULL,NULL,NULL,NULL,0,'2014-12-02',NULL,1,'2007-07-01',7,'2012-07-01',26,NULL,NULL,NULL,NULL,'330103201400074739',3,NULL,NULL,'2014-09-17',NULL,NULL),
	(141120,141120,0,'丁月飞',2102,'2000','41042119700722****','1979-10-03',NULL,NULL,NULL,NULL,NULL,NULL,NULL,NULL,NULL,NULL,NULL,NULL,NULL,NULL,NULL,NULL,'杭州佳时通讯技术有限公司',NULL,NULL,16401,NULL,NULL,NULL,NULL,NULL,16092,NULL,NULL,NULL,NULL,NULL,NULL,'13376818771',NULL,NULL,NULL,NULL,NULL,0,'2014-12-02',NULL,1,NULL,NULL,NULL,NULL,NULL,NULL,NULL,NULL,NULL,NULL,NULL,NULL,NULL,NULL,NULL),
	(141121,141121,0,'丁瑞琪',2101,'2000','37292219630909****','2008-10-26',NULL,1001,NULL,4803,NULL,NULL,NULL,NULL,NULL,NULL,NULL,NULL,NULL,NULL,0,NULL,NULL,NULL,NULL,16409,NULL,NULL,NULL,NULL,NULL,0,NULL,NULL,NULL,NULL,NULL,NULL,NULL,NULL,NULL,NULL,NULL,NULL,0,'2014-12-02',NULL,1,NULL,NULL,NULL,NULL,NULL,NULL,NULL,NULL,NULL,NULL,NULL,NULL,NULL,NULL,NULL),
	(141877,141877,0,'张敬喜',2101,'2000','34242319770908****','1977-09-08',1,1002,NULL,4804,NULL,NULL,NULL,5,'西湖区',NULL,NULL,NULL,NULL,NULL,1001003100,'14308737-7','杭州浙大同力后勤集团有限公司',NULL,NULL,16401,NULL,NULL,NULL,NULL,NULL,43733,NULL,NULL,NULL,NULL,NULL,'18967149675',NULL,NULL,NULL,NULL,NULL,NULL,0,'2014-12-02',NULL,1,'2011-07-26',5,'2012-09-01',24,NULL,NULL,NULL,NULL,'33010520130082539',3,NULL,NULL,'2016-07-25',NULL,NULL),
	(141878,141878,0,'何照丽',2102,'2000','34082620100401****','1975-02-27',NULL,NULL,NULL,NULL,NULL,NULL,NULL,NULL,NULL,NULL,NULL,NULL,NULL,NULL,NULL,NULL,'杭州肯德基有限公司',NULL,NULL,16401,NULL,NULL,NULL,NULL,NULL,23107,NULL,NULL,NULL,NULL,NULL,NULL,'13575458239',NULL,NULL,NULL,NULL,NULL,0,'2014-12-02',NULL,1,NULL,NULL,NULL,NULL,NULL,NULL,NULL,NULL,NULL,NULL,NULL,NULL,NULL,NULL,NULL),
	(141879,141879,0,'张何胜',2101,'2000','34242320010209****','2001-02-09',NULL,1001,NULL,4804,NULL,NULL,NULL,NULL,NULL,NULL,NULL,NULL,NULL,NULL,0,NULL,NULL,NULL,NULL,16409,NULL,NULL,NULL,NULL,NULL,0,NULL,NULL,NULL,NULL,NULL,NULL,NULL,NULL,NULL,NULL,NULL,NULL,0,'2014-12-02',NULL,1,NULL,NULL,NULL,NULL,NULL,NULL,NULL,NULL,NULL,NULL,NULL,NULL,NULL,NULL,NULL),
	(142504,142504,0,'陈国良',2101,'2000','33012720030306****','1961-04-24',1,1003,NULL,4801,NULL,'外东山弄14-2-1-502','1961-04-24',5,'西湖区',NULL,NULL,NULL,NULL,NULL,1001003109,'47011055-4','杭州园林机械厂',NULL,NULL,16401,NULL,NULL,NULL,NULL,NULL,15095,NULL,NULL,NULL,NULL,NULL,'18958167116',NULL,NULL,NULL,NULL,NULL,NULL,0,'2014-12-04',NULL,1,NULL,NULL,NULL,NULL,NULL,NULL,NULL,NULL,NULL,NULL,NULL,NULL,NULL,NULL,NULL),
	(142692,142692,0,'姚成娥',2102,'2000','32091119880104****','1988-01-04',1,1002,1,4804,NULL,'江苏省盐城市盐都区楼土镇仁犁村',NULL,4,'拱墅区',NULL,NULL,NULL,NULL,NULL,3153140507,'14304247-8','杭州朱养心药业有限公司',NULL,NULL,16401,NULL,NULL,NULL,NULL,NULL,17449,NULL,NULL,NULL,NULL,NULL,'13634134778',NULL,NULL,NULL,NULL,NULL,NULL,0,'2014-12-02',NULL,1,'2012-04-01',5,'2012-08-01',25,NULL,NULL,NULL,NULL,'330105201400244981',NULL,NULL,'2010-06-30','2017-03-31',NULL,NULL),
	(142693,142693,0,'梁金奎',2101,'2000','33082419841102****','1987-04-19',NULL,NULL,NULL,NULL,NULL,NULL,NULL,NULL,NULL,NULL,NULL,NULL,NULL,NULL,NULL,NULL,'杭州中美华东制药有限公司',NULL,NULL,16401,NULL,NULL,NULL,NULL,NULL,52943,NULL,NULL,NULL,NULL,NULL,NULL,'13456986065',NULL,NULL,NULL,NULL,NULL,0,'2014-12-02',NULL,1,NULL,NULL,NULL,NULL,NULL,NULL,NULL,NULL,NULL,NULL,NULL,NULL,NULL,NULL,NULL),
	(142714,142714,0,'梁雨桐',2102,'2000','33010520110929****','2011-09-29',NULL,1001,NULL,4804,NULL,NULL,NULL,NULL,NULL,NULL,NULL,NULL,NULL,NULL,0,NULL,NULL,NULL,NULL,16410,NULL,NULL,NULL,NULL,NULL,0,NULL,NULL,NULL,NULL,NULL,NULL,NULL,NULL,NULL,NULL,NULL,NULL,0,'2014-12-02',NULL,1,NULL,NULL,NULL,NULL,NULL,NULL,NULL,NULL,NULL,NULL,NULL,NULL,NULL,NULL,NULL),
	(142723,142723,0,'吴程',2101,'2000','35082519831024****','1974-08-29',1,1002,NULL,4801,NULL,'九堡居民区九盛路9号',NULL,3,'江干区',NULL,NULL,NULL,NULL,NULL,1001002941,'71957017-8','浙江名莎服饰有限公司',4703,NULL,16401,NULL,NULL,NULL,NULL,NULL,33900,NULL,NULL,NULL,NULL,NULL,'13989890163',NULL,NULL,NULL,NULL,NULL,NULL,0,'2014-12-02',NULL,1,'2012-08-01',2,'2001-10-01',155,NULL,NULL,NULL,NULL,NULL,NULL,2,NULL,'2015-07-30',NULL,NULL),
	(142724,142724,0,'朱玉春',2102,'2000','37292319881127****','1977-02-05',NULL,NULL,NULL,NULL,NULL,NULL,NULL,NULL,NULL,NULL,NULL,NULL,NULL,NULL,NULL,NULL,'浙江海明控股',NULL,NULL,16401,NULL,NULL,NULL,NULL,NULL,34726,NULL,NULL,NULL,NULL,NULL,NULL,'15988858917',NULL,NULL,NULL,NULL,NULL,0,'2014-12-02',NULL,1,NULL,NULL,NULL,NULL,NULL,NULL,NULL,NULL,NULL,NULL,NULL,NULL,NULL,NULL,NULL),
	(142725,142725,0,'吴珠峰',2101,'2001','33082419981111****','2004-07-30',NULL,1001,NULL,4804,NULL,NULL,NULL,NULL,NULL,NULL,NULL,NULL,NULL,NULL,0,NULL,NULL,NULL,NULL,16409,NULL,NULL,NULL,NULL,NULL,0,NULL,NULL,NULL,NULL,NULL,NULL,NULL,NULL,NULL,NULL,NULL,NULL,0,'2014-12-02',NULL,1,NULL,NULL,NULL,NULL,NULL,NULL,NULL,NULL,NULL,NULL,NULL,NULL,NULL,NULL,NULL),
	(142726,142726,0,'吴珠滔',2102,'2001','33078119890102****','2010-04-01',NULL,1001,NULL,4804,NULL,NULL,NULL,NULL,NULL,NULL,NULL,NULL,NULL,NULL,0,NULL,NULL,NULL,NULL,16410,NULL,NULL,NULL,NULL,NULL,0,NULL,NULL,NULL,NULL,NULL,NULL,NULL,NULL,NULL,NULL,NULL,NULL,0,'2014-12-02',NULL,1,NULL,NULL,NULL,NULL,NULL,NULL,NULL,NULL,NULL,NULL,NULL,NULL,NULL,NULL,NULL),
	(142727,142727,0,'王蒙',2101,'2000','61032619840305****','1984-03-05',1,1002,2,4803,NULL,NULL,NULL,5,'西湖区',NULL,NULL,NULL,NULL,NULL,1001003126,'71761426-1','浙江省化工研究院有限公司',NULL,NULL,16401,NULL,NULL,NULL,NULL,NULL,58990,NULL,NULL,NULL,NULL,NULL,'18767193767',NULL,NULL,NULL,NULL,NULL,NULL,0,'2014-12-03',NULL,1,'2012-11-28',3,'2012-11-20',21,NULL,NULL,NULL,NULL,'33010620140030337',NULL,NULL,'2012-07-02','2015-11-27',NULL,NULL),
	(142728,142728,0,'王惠',2102,'2000','61012519860120****','1986-01-20',NULL,NULL,NULL,NULL,NULL,NULL,NULL,NULL,NULL,NULL,NULL,NULL,NULL,NULL,NULL,NULL,'浙江国茂饲料有限公司',NULL,NULL,16401,NULL,NULL,NULL,NULL,NULL,37101,NULL,NULL,NULL,NULL,NULL,NULL,'13989802695',NULL,NULL,NULL,NULL,NULL,0,'2014-12-03',NULL,1,NULL,NULL,NULL,NULL,NULL,NULL,NULL,NULL,NULL,NULL,NULL,NULL,NULL,NULL,NULL),
	(142914,142914,0,'赵静',2102,'2000','33010419790616****','1979-06-16',1,1002,NULL,4801,NULL,'濮家新村33-3-101','1979-06-16',3,'江干区',305,'闸弄口街道',NULL,NULL,NULL,0,NULL,NULL,NULL,NULL,16403,NULL,NULL,NULL,NULL,NULL,17640,NULL,NULL,NULL,NULL,NULL,'13325918621',NULL,NULL,NULL,NULL,NULL,NULL,0,'2014-12-02',NULL,1,NULL,NULL,NULL,NULL,NULL,NULL,NULL,NULL,NULL,NULL,NULL,NULL,NULL,NULL,NULL),
	(142915,142915,0,'沈旭东',2101,'2000','41232219730829****','1974-03-01',NULL,NULL,NULL,NULL,NULL,NULL,NULL,NULL,NULL,NULL,NULL,NULL,NULL,NULL,NULL,NULL,'杭州艺海古建筑园林装饰工程有限公司',NULL,NULL,16401,NULL,NULL,NULL,NULL,NULL,20394,NULL,NULL,NULL,NULL,NULL,NULL,'13958065708',NULL,NULL,NULL,NULL,NULL,0,'2014-12-02',NULL,1,NULL,NULL,NULL,NULL,NULL,NULL,NULL,NULL,NULL,NULL,NULL,NULL,NULL,NULL,NULL),
	(142974,142974,0,'胡孙坚',2101,'2000','33082519790202****','1986-03-24',1,1001,1,4803,NULL,'浙江省苍南县金乡镇振兴路71号',NULL,4,'拱墅区',NULL,NULL,NULL,NULL,NULL,1001003134,'14304960-2','浙江省工业环保设计研究有限公司',NULL,NULL,16401,NULL,NULL,NULL,NULL,NULL,26708,NULL,NULL,NULL,NULL,NULL,'13516816140',NULL,NULL,NULL,NULL,NULL,NULL,0,'2014-12-02',NULL,1,'2013-08-01',3,'2012-08-01',25,NULL,NULL,NULL,NULL,'330106201400238511',NULL,NULL,'2008-07-01','2016-07-31',NULL,NULL),
	(143072,143072,0,'刘砚',2102,'2000','36222919880522****','1988-05-22',1,1001,2,4801,NULL,'秋涛北路128-1号',NULL,1,'上城区',NULL,NULL,NULL,NULL,NULL,1001000040,'14291656-7','杭州娃哈哈集团有限公司',NULL,NULL,16401,NULL,NULL,NULL,NULL,NULL,50908,NULL,NULL,NULL,NULL,NULL,'13325717403',NULL,NULL,NULL,NULL,NULL,NULL,0,'2014-12-04',NULL,1,'2013-04-12',3,'2013-04-01',17,NULL,NULL,NULL,NULL,NULL,NULL,NULL,'2013-01-04','2016-06-30',NULL,NULL),
	(143079,143079,0,'刘保松',2101,'2000','36233019860105****','1986-01-05',1,1002,2,4801,NULL,'学院路102号',NULL,5,'西湖区',NULL,NULL,NULL,NULL,NULL,1001000503,'74290397-0','华电电力科学研究院',NULL,NULL,16401,NULL,NULL,NULL,NULL,NULL,47392,NULL,NULL,NULL,NULL,NULL,'18368838028',NULL,NULL,NULL,NULL,NULL,NULL,0,'2014-12-03',NULL,1,'2012-07-18',3,'2012-08-01',25,NULL,NULL,NULL,NULL,NULL,NULL,NULL,'2012-07-11','2015-07-17',NULL,NULL),
	(143080,143080,0,'童菊华',2102,'2000','36042420140711****','1987-07-23',NULL,NULL,NULL,NULL,NULL,NULL,NULL,NULL,NULL,NULL,NULL,NULL,NULL,NULL,NULL,NULL,NULL,NULL,NULL,16409,NULL,NULL,NULL,NULL,NULL,2000,NULL,NULL,NULL,NULL,NULL,NULL,'13651375405',NULL,NULL,NULL,NULL,NULL,0,'2014-12-03',NULL,1,NULL,NULL,NULL,NULL,NULL,NULL,NULL,NULL,NULL,NULL,NULL,NULL,NULL,NULL,NULL),
	(143416,143416,0,'王虹',2102,'2000','37061219830529****','1988-01-14',1,1002,2,4801,NULL,'秋涛北路128-1号',NULL,1,'上城区',NULL,NULL,NULL,NULL,NULL,1001000040,'14291656-7','杭州娃哈哈集团有限公司',NULL,NULL,16401,NULL,NULL,NULL,NULL,NULL,88654,NULL,NULL,NULL,NULL,NULL,'18606517990',NULL,NULL,NULL,NULL,NULL,NULL,0,'2014-12-04',NULL,1,'2013-05-01',2,'2012-08-01',25,NULL,NULL,NULL,NULL,NULL,NULL,NULL,'2012-03-30','2015-06-30',NULL,NULL),
	(143417,143417,0,'朱屹轩',2101,'2000','33010519810323****','1987-02-10',NULL,NULL,NULL,NULL,NULL,NULL,NULL,NULL,NULL,NULL,NULL,NULL,NULL,NULL,NULL,NULL,'杭州和达商业资产管理有限公司',NULL,NULL,16401,NULL,NULL,NULL,NULL,NULL,58699,NULL,NULL,NULL,NULL,NULL,NULL,NULL,NULL,NULL,NULL,NULL,NULL,0,'2014-12-04',NULL,1,NULL,NULL,NULL,NULL,NULL,NULL,NULL,NULL,NULL,NULL,NULL,NULL,NULL,NULL,NULL),
	(143596,143596,0,'沈智敏',2102,'2000','33252619870206****','1987-02-06',1,1001,1,4803,NULL,'太和广场8号805室',NULL,1,'上城区',NULL,NULL,NULL,NULL,NULL,1001003155,'57148365-9','杭州鼎铭能源科技有限公司',NULL,NULL,16401,NULL,NULL,NULL,NULL,NULL,39776,NULL,NULL,NULL,NULL,NULL,'15888843357',NULL,NULL,NULL,NULL,NULL,NULL,0,'2014-12-04',NULL,1,'2012-04-12',3,'2010-01-01',56,NULL,NULL,NULL,NULL,'330110201400153521',NULL,NULL,'2009-06-18','2015-04-11',NULL,NULL),
	(143693,143693,0,'陈尚',2101,'2000','33010219870420****','1987-04-20',1,1001,NULL,4801,NULL,'茶啾弄手表厂宿舍1-601','1987-04-29',1,'上城区',NULL,NULL,NULL,NULL,NULL,1001003166,'55790485-9','中科院杭州射频识别技术研发中心',NULL,NULL,16401,NULL,NULL,NULL,NULL,NULL,2000,NULL,NULL,NULL,NULL,NULL,'13600527703',NULL,NULL,NULL,NULL,NULL,NULL,0,'2014-12-03',NULL,1,NULL,NULL,NULL,NULL,NULL,NULL,NULL,NULL,NULL,NULL,NULL,NULL,NULL,NULL,NULL),
	(143740,143740,0,'林小娜',2102,'2000','33032719801031****','1980-10-31',1,1002,NULL,4801,NULL,'阔板桥新村青年公寓512室','2004-10-02',4,'拱墅区',NULL,NULL,NULL,NULL,NULL,1001000224,'14304903-9','杭州钢铁集团公司',NULL,NULL,16401,NULL,NULL,NULL,NULL,NULL,76032,NULL,NULL,NULL,NULL,NULL,'13750856614',NULL,NULL,NULL,NULL,NULL,NULL,0,'2014-12-03',NULL,1,NULL,NULL,NULL,NULL,NULL,NULL,NULL,NULL,NULL,NULL,NULL,NULL,NULL,NULL,NULL),
	(143741,143741,0,'童飞林',2101,'2000','33012519761004****','1981-11-21',NULL,NULL,NULL,NULL,NULL,NULL,NULL,NULL,NULL,NULL,NULL,NULL,NULL,NULL,NULL,NULL,'杭州钢铁集团公司',NULL,NULL,16401,NULL,NULL,NULL,NULL,NULL,39532,NULL,NULL,NULL,NULL,NULL,NULL,'1366680582',NULL,NULL,NULL,NULL,NULL,0,'2014-12-03',NULL,1,NULL,NULL,NULL,NULL,NULL,NULL,NULL,NULL,NULL,NULL,NULL,NULL,NULL,NULL,NULL),
	(143742,143742,0,'童浩睿',2101,'2000','33012219871106****','2008-11-25',NULL,1001,NULL,4801,NULL,NULL,NULL,NULL,NULL,NULL,NULL,NULL,NULL,NULL,0,NULL,NULL,NULL,NULL,16409,NULL,NULL,NULL,NULL,NULL,0,NULL,NULL,NULL,NULL,NULL,NULL,NULL,NULL,NULL,NULL,NULL,NULL,0,'2014-12-03',NULL,1,NULL,NULL,NULL,NULL,NULL,NULL,NULL,NULL,NULL,NULL,NULL,NULL,NULL,NULL,NULL),
	(143749,143749,0,'肖孟会',2101,'2000','36078219870723****','1987-07-23',1,1002,NULL,4804,NULL,'南康市东红村三江口28号',NULL,4,'拱墅区',NULL,NULL,NULL,NULL,NULL,1001000224,'14304903-9','杭州钢铁集团公司',NULL,NULL,16401,NULL,NULL,NULL,NULL,NULL,52765,NULL,NULL,NULL,NULL,NULL,'15068116852',NULL,NULL,NULL,NULL,NULL,NULL,0,'2014-12-03',NULL,1,'2012-05-07',3,'2012-08-01',25,NULL,NULL,NULL,NULL,'330105201300332466',3,NULL,NULL,'2015-05-07',NULL,NULL),
	(143750,143750,0,'申璐琳',2102,'2000','34118119890101****','1987-10-26',NULL,NULL,NULL,NULL,NULL,NULL,NULL,NULL,NULL,NULL,NULL,NULL,NULL,NULL,NULL,NULL,'杭州优哈箱包有限公司',NULL,NULL,16401,NULL,NULL,NULL,NULL,NULL,21532,NULL,NULL,NULL,NULL,NULL,NULL,'13634125152',NULL,NULL,NULL,NULL,NULL,0,'2014-12-03',NULL,1,NULL,NULL,NULL,NULL,NULL,NULL,NULL,NULL,NULL,NULL,NULL,NULL,NULL,NULL,NULL),
	(143783,143783,0,'徐芳',2102,'2000','36232119870611****','1987-06-11',1,1002,2,4801,NULL,'下城区朝晖七区42幢',NULL,2,'下城区',NULL,NULL,NULL,NULL,NULL,3104423900,'47018019-X','杭州市健康实验学校',NULL,NULL,16401,NULL,NULL,NULL,NULL,NULL,54401,NULL,NULL,NULL,NULL,NULL,'13588793741',NULL,NULL,NULL,NULL,NULL,NULL,0,'2014-12-02',NULL,1,'2013-09-01',2,NULL,NULL,'2012-09-24',23,NULL,NULL,NULL,NULL,NULL,'2012-05-05','2015-08-31',NULL,NULL),
	(143784,143784,0,'景海豹',2101,'2000','42060219870312****','1985-04-30',NULL,NULL,NULL,NULL,NULL,NULL,NULL,NULL,NULL,NULL,NULL,NULL,NULL,NULL,NULL,NULL,'杭州和平鸽教育咨询有限公司',NULL,NULL,16401,NULL,NULL,NULL,NULL,NULL,0,NULL,NULL,NULL,NULL,NULL,NULL,'18858133606',NULL,NULL,NULL,NULL,NULL,0,'2014-12-02',NULL,1,NULL,NULL,NULL,NULL,NULL,NULL,NULL,NULL,NULL,NULL,NULL,NULL,NULL,NULL,NULL),
	(144022,144022,0,'夏俊',2101,'2000','51062319860813****','1986-08-13',1,1002,NULL,4804,NULL,'中江县长梁村8组',NULL,4,'拱墅区',NULL,NULL,NULL,NULL,NULL,1001002765,'05833015-X','浙江元通捷通汽车有限公司',NULL,NULL,16401,NULL,NULL,NULL,NULL,NULL,97219,NULL,NULL,NULL,NULL,NULL,'15990007439',NULL,NULL,NULL,NULL,NULL,NULL,0,'2014-12-03',NULL,1,'2013-02-01',3,'2012-08-01',25,NULL,NULL,NULL,NULL,'330105201400024274',3,NULL,NULL,'2016-02-01',NULL,NULL),
	(144023,144023,0,'罗向敏',2102,'2000','51062319880820****','1988-08-20',NULL,NULL,NULL,NULL,NULL,NULL,NULL,NULL,NULL,NULL,NULL,NULL,NULL,NULL,NULL,NULL,NULL,NULL,NULL,16407,NULL,NULL,NULL,NULL,NULL,0,NULL,NULL,NULL,NULL,NULL,NULL,'15167107493',NULL,NULL,NULL,NULL,NULL,0,'2014-12-03',NULL,1,NULL,NULL,NULL,NULL,NULL,NULL,NULL,NULL,NULL,NULL,NULL,NULL,NULL,NULL,NULL),
	(144024,144024,0,'夏嘉辰',2101,'2000','51062320130112****','2013-01-12',NULL,1001,NULL,4804,NULL,NULL,NULL,NULL,NULL,NULL,NULL,NULL,NULL,NULL,0,NULL,NULL,NULL,NULL,16410,NULL,NULL,NULL,NULL,NULL,0,NULL,NULL,NULL,NULL,NULL,NULL,NULL,NULL,NULL,NULL,NULL,NULL,0,'2014-12-03',NULL,1,NULL,NULL,NULL,NULL,NULL,NULL,NULL,NULL,NULL,NULL,NULL,NULL,NULL,NULL,NULL),
	(144145,144145,0,'楼秀青',2102,'2000','33068119891021****','1989-10-21',1,1001,1,4803,NULL,'大学路新村30幢79号203室',NULL,1,'上城区',NULL,NULL,NULL,NULL,NULL,1001003195,'84292100-9','中国人民财产保险股份有限公司浙江省分公司',NULL,NULL,16401,NULL,NULL,NULL,NULL,NULL,32247,NULL,NULL,NULL,NULL,NULL,'15858278701',NULL,NULL,NULL,NULL,NULL,NULL,0,'2014-12-04',NULL,1,'2014-07-01',3,'2013-07-01',14,NULL,NULL,NULL,NULL,'330102201400067393',NULL,NULL,'2013-06-21','2017-06-30',NULL,NULL),
	(146986,146986,0,'陈东群',2101,'2000','35262219770405****','1980-02-08',1,1002,NULL,4804,NULL,NULL,NULL,5,'西湖区',NULL,NULL,NULL,NULL,NULL,1001003214,'L7271300-2','杭州市西湖区道天饮食店',NULL,NULL,16401,NULL,NULL,NULL,NULL,NULL,27272,NULL,NULL,NULL,NULL,NULL,'13958065396',NULL,NULL,NULL,NULL,NULL,NULL,0,'2014-12-02',NULL,1,'2013-05-01',2,'2012-09-01',24,NULL,NULL,NULL,NULL,'330106201400262841',3,NULL,NULL,'2015-04-30',NULL,NULL),
	(146987,146987,0,'范晓兰',2102,'2000','34122219810811****','1981-08-11',NULL,NULL,NULL,NULL,NULL,NULL,NULL,NULL,NULL,NULL,NULL,NULL,NULL,NULL,NULL,NULL,NULL,NULL,NULL,16407,NULL,NULL,NULL,NULL,NULL,0,NULL,NULL,NULL,NULL,NULL,NULL,'15968865611',NULL,NULL,NULL,NULL,NULL,0,'2014-12-02',NULL,1,NULL,NULL,NULL,NULL,NULL,NULL,NULL,NULL,NULL,NULL,NULL,NULL,NULL,NULL,NULL),
	(146988,146988,0,'陈月月',2102,'2000','34082620040730****','2006-01-23',NULL,1001,NULL,4804,NULL,NULL,NULL,NULL,NULL,NULL,NULL,NULL,NULL,NULL,0,NULL,NULL,NULL,NULL,16409,NULL,NULL,NULL,NULL,NULL,0,NULL,NULL,NULL,NULL,NULL,NULL,NULL,NULL,NULL,NULL,NULL,NULL,0,'2014-12-02',NULL,1,NULL,NULL,NULL,NULL,NULL,NULL,NULL,NULL,NULL,NULL,NULL,NULL,NULL,NULL,NULL),
	(146989,146989,0,'陈怡然',2102,'2000','34120420090220****','2009-02-20',NULL,1001,NULL,4804,NULL,NULL,NULL,NULL,NULL,NULL,NULL,NULL,NULL,NULL,0,NULL,NULL,NULL,NULL,16409,NULL,NULL,NULL,NULL,NULL,0,NULL,NULL,NULL,NULL,NULL,NULL,NULL,NULL,NULL,NULL,NULL,NULL,0,'2014-12-02',NULL,1,NULL,NULL,NULL,NULL,NULL,NULL,NULL,NULL,NULL,NULL,NULL,NULL,NULL,NULL,NULL),
	(147170,147170,0,'叶典贤',2101,'2000','33018219890414****','1989-04-14',1,1001,1,4801,NULL,'莫干山路73号',NULL,3,'江干区',NULL,NULL,NULL,NULL,NULL,2001000032,'76017387-9','浙江立德产品技术有限公司',4714,NULL,16401,NULL,NULL,NULL,NULL,NULL,40996,NULL,NULL,NULL,NULL,NULL,'13656685037','83527016',NULL,NULL,NULL,NULL,NULL,0,'2014-12-02',NULL,1,'2012-05-16',3,'2011-08-26',36,NULL,NULL,NULL,NULL,NULL,NULL,NULL,'2011-07-01','2015-05-15',NULL,NULL),
	(147214,147214,0,'章昱',2101,'2000','37292219641011****','1987-11-06',1,1001,1,4801,NULL,'上城区宋浇造巷8-1-102',NULL,3,'江干区',NULL,NULL,NULL,NULL,NULL,1001003219,'56058741-X','杭州点告网络技术有限公司',4714,NULL,16401,NULL,NULL,NULL,NULL,NULL,24785,NULL,NULL,NULL,NULL,NULL,'13655716953','89988208',NULL,NULL,NULL,NULL,NULL,0,'2014-12-02',NULL,1,'2013-11-01',1,'2011-06-01',39,NULL,NULL,NULL,NULL,NULL,NULL,NULL,'2010-07-01','2014-12-31',NULL,NULL),
	(147377,147377,0,'葛允飞',2101,'2000','34032119911018****','1991-10-18',1,1002,NULL,4804,NULL,'安徽省蚌埠市怀远县淝河乡岭集村贾后组66号',NULL,2,'下城区',NULL,NULL,NULL,NULL,NULL,1001000600,'14304867-7','杭州长运运输集团有限公司',NULL,NULL,16401,NULL,NULL,NULL,NULL,NULL,31373,NULL,NULL,NULL,NULL,NULL,'13735416468',NULL,NULL,NULL,NULL,NULL,NULL,0,'2014-12-04',NULL,1,'2013-04-15',2,'2013-04-01',17,NULL,NULL,NULL,NULL,'330106201400300525',3,NULL,NULL,'2015-12-31',NULL,NULL),
	(147484,147484,0,'童样林',2101,'2000','36062219870927****','1987-09-27',1,1002,1,4803,NULL,'江西省鹰潭市余江县中童镇中心小学',NULL,4,'拱墅区',NULL,NULL,NULL,NULL,NULL,1001003223,'77357494-6','浙江中外运有限公司杭州物流分公司',NULL,NULL,16401,NULL,NULL,NULL,NULL,NULL,67999,NULL,NULL,NULL,NULL,NULL,'15867143895',NULL,NULL,NULL,NULL,NULL,NULL,0,'2014-12-02',NULL,1,'2014-06-01',3,'2012-09-01',24,NULL,NULL,NULL,NULL,'330106201400299155',NULL,NULL,'2009-07-02','2017-05-31',NULL,NULL),
	(147485,147485,0,'苗丽珊',2102,'2000','33012419860913****','1986-09-13',NULL,NULL,NULL,NULL,NULL,NULL,NULL,NULL,NULL,NULL,NULL,NULL,NULL,NULL,NULL,NULL,'浙江中通文博服务有限公司',NULL,NULL,16401,NULL,NULL,NULL,NULL,NULL,45994,NULL,NULL,NULL,NULL,NULL,NULL,'15088641647',NULL,NULL,NULL,NULL,NULL,0,'2014-12-02',NULL,1,NULL,NULL,NULL,NULL,NULL,NULL,NULL,NULL,NULL,NULL,NULL,NULL,NULL,NULL,NULL),
	(147486,147486,0,'童婳',2102,'2000','33018520140523****','2014-05-23',NULL,1001,NULL,4803,NULL,NULL,NULL,NULL,NULL,NULL,NULL,NULL,NULL,NULL,0,NULL,NULL,NULL,NULL,16410,NULL,NULL,NULL,NULL,NULL,0,NULL,NULL,NULL,NULL,NULL,NULL,NULL,NULL,NULL,NULL,NULL,NULL,0,'2014-12-02',NULL,1,NULL,NULL,NULL,NULL,NULL,NULL,NULL,NULL,NULL,NULL,NULL,NULL,NULL,NULL,NULL),
	(147529,147529,0,'刘林红',2102,'2000','34032119900305****','1990-03-05',NULL,NULL,NULL,NULL,NULL,NULL,NULL,NULL,NULL,NULL,NULL,NULL,NULL,NULL,NULL,NULL,NULL,NULL,NULL,16407,NULL,NULL,NULL,NULL,NULL,0,NULL,NULL,NULL,NULL,NULL,NULL,'1815131991',NULL,NULL,NULL,NULL,NULL,0,'2014-12-04',NULL,1,NULL,NULL,NULL,NULL,NULL,NULL,NULL,NULL,NULL,NULL,NULL,NULL,NULL,NULL,NULL),
	(147530,147530,0,'葛天昊',2101,'2001','34032120120226****','2012-02-26',NULL,1001,NULL,4804,NULL,NULL,NULL,NULL,NULL,NULL,NULL,NULL,NULL,NULL,0,NULL,NULL,NULL,NULL,16409,NULL,NULL,NULL,NULL,NULL,0,NULL,NULL,NULL,NULL,NULL,NULL,NULL,NULL,NULL,NULL,NULL,NULL,0,'2014-12-04',NULL,1,NULL,NULL,NULL,NULL,NULL,NULL,NULL,NULL,NULL,NULL,NULL,NULL,NULL,NULL,NULL),
	(147633,147633,0,'周兴礼',2101,'2000','33082319821116****','1982-11-16',1,1002,NULL,4804,NULL,'浙江省江山市凤林镇大悲山村山溪篷25号',NULL,2,'下城区',NULL,NULL,NULL,NULL,NULL,1001000600,'14304867-7','杭州长运运输集团有限公司',NULL,NULL,16401,NULL,NULL,NULL,NULL,NULL,61738,NULL,NULL,NULL,NULL,NULL,'13819178416',NULL,NULL,NULL,NULL,NULL,NULL,0,'2014-12-04',NULL,1,'2011-01-01',5,'2012-08-01',25,NULL,NULL,NULL,NULL,'330106201400282215',3,NULL,NULL,'2015-12-31',NULL,NULL),
	(147634,147634,0,'许娟',2102,'2000','33018419851110****','1985-11-10',NULL,NULL,NULL,NULL,NULL,NULL,NULL,NULL,NULL,NULL,NULL,NULL,NULL,NULL,NULL,NULL,'杭州益利素勒精线有限公司',NULL,NULL,16401,NULL,NULL,NULL,NULL,NULL,23290,NULL,NULL,NULL,NULL,NULL,NULL,'13819193814',NULL,NULL,NULL,NULL,NULL,0,'2014-12-04',NULL,1,NULL,NULL,NULL,NULL,NULL,NULL,NULL,NULL,NULL,NULL,NULL,NULL,NULL,NULL,NULL),
	(147660,147660,0,'周许睿',2101,'2001','33011020091226****','2009-12-26',NULL,1001,NULL,4802,NULL,NULL,NULL,NULL,NULL,NULL,NULL,NULL,NULL,NULL,0,NULL,NULL,NULL,NULL,16409,NULL,NULL,NULL,NULL,NULL,0,NULL,NULL,NULL,NULL,NULL,NULL,NULL,NULL,NULL,NULL,NULL,NULL,0,'2014-12-04',NULL,1,NULL,NULL,NULL,NULL,NULL,NULL,NULL,NULL,NULL,NULL,NULL,NULL,NULL,NULL,NULL),
	(147661,147661,0,'许子睿',2101,'2001','33011020131021****','2013-10-21',NULL,1001,NULL,4802,NULL,NULL,NULL,NULL,NULL,NULL,NULL,NULL,NULL,NULL,0,NULL,NULL,NULL,NULL,16410,NULL,NULL,NULL,NULL,NULL,0,NULL,NULL,NULL,NULL,NULL,NULL,NULL,NULL,NULL,NULL,NULL,NULL,0,'2014-12-04',NULL,1,NULL,NULL,NULL,NULL,NULL,NULL,NULL,NULL,NULL,NULL,NULL,NULL,NULL,NULL,NULL),
	(147849,147849,0,'金俊',2102,'2000','33108219900921****','1976-10-04',1,1003,NULL,4801,NULL,'三墩镇西新星村甲30幢西501室','1998-12-09',4,'拱墅区',NULL,NULL,NULL,NULL,NULL,1001003190,'75590773-5','民生人寿保险股份有限公司浙江分公司',4709,NULL,16401,NULL,NULL,NULL,NULL,NULL,58568,NULL,NULL,NULL,NULL,NULL,'18058113567',NULL,NULL,NULL,NULL,NULL,NULL,0,'2014-12-02',NULL,1,NULL,NULL,NULL,NULL,NULL,NULL,NULL,NULL,NULL,NULL,NULL,NULL,NULL,NULL,NULL),
	(147850,147850,0,'祝骏笑',2102,'2001','34082620050818****','2002-09-30',NULL,1001,NULL,4801,NULL,NULL,NULL,NULL,NULL,NULL,NULL,NULL,NULL,NULL,0,NULL,NULL,NULL,NULL,16409,NULL,NULL,NULL,NULL,NULL,0,NULL,NULL,NULL,NULL,NULL,NULL,NULL,NULL,NULL,NULL,NULL,NULL,0,'2014-12-02',NULL,1,NULL,NULL,NULL,NULL,NULL,NULL,NULL,NULL,NULL,NULL,NULL,NULL,NULL,NULL,NULL),
	(147853,147853,0,'张立辉',2101,'2000','62282619770101****','1977-01-01',1,1002,NULL,4804,NULL,'宁县早胜镇遇村村六组49号',NULL,4,'拱墅区',NULL,NULL,NULL,NULL,NULL,1001003202,'69705111-4','杭州昊菱汽车有限公司',4799,NULL,16401,NULL,NULL,NULL,NULL,NULL,38041,NULL,NULL,NULL,NULL,NULL,'18506859015',NULL,NULL,NULL,NULL,NULL,NULL,0,'2014-12-02',NULL,1,'2014-05-01',5,'2012-08-01',25,NULL,NULL,NULL,NULL,'330103201400118941',3,NULL,NULL,'2019-04-30',NULL,NULL),
	(147894,147894,0,'荔彩凤',2102,'2000','53030219861209****','1979-11-28',NULL,NULL,NULL,NULL,NULL,NULL,NULL,NULL,NULL,NULL,NULL,NULL,NULL,NULL,NULL,NULL,NULL,NULL,NULL,16407,NULL,NULL,NULL,NULL,NULL,0,NULL,NULL,NULL,NULL,NULL,NULL,'13777393556',NULL,NULL,NULL,NULL,NULL,0,'2014-12-02',NULL,1,NULL,NULL,NULL,NULL,NULL,NULL,NULL,NULL,NULL,NULL,NULL,NULL,NULL,NULL,NULL),
	(147895,147895,0,'张毅',2101,'2000','62102620100208****','2010-02-08',NULL,1001,NULL,4804,NULL,NULL,NULL,NULL,NULL,NULL,NULL,NULL,NULL,NULL,0,NULL,NULL,NULL,NULL,16410,NULL,NULL,NULL,NULL,NULL,0,NULL,NULL,NULL,NULL,NULL,NULL,NULL,NULL,NULL,NULL,NULL,NULL,0,'2014-12-02',NULL,1,NULL,NULL,NULL,NULL,NULL,NULL,NULL,NULL,NULL,NULL,NULL,NULL,NULL,NULL,NULL),
	(147896,147896,0,'张鑫',2102,'2000','62282620040321****','2004-03-21',NULL,1001,NULL,4804,NULL,NULL,NULL,NULL,NULL,NULL,NULL,NULL,NULL,NULL,0,NULL,NULL,NULL,NULL,16410,NULL,NULL,NULL,NULL,NULL,0,NULL,NULL,NULL,NULL,NULL,NULL,NULL,NULL,NULL,NULL,NULL,NULL,0,'2014-12-02',NULL,1,NULL,NULL,NULL,NULL,NULL,NULL,NULL,NULL,NULL,NULL,NULL,NULL,NULL,NULL,NULL),
	(148049,148049,0,'刘亚平',2102,'2000','36042819900227****','1990-02-27',1,1001,NULL,4804,NULL,'江西省九江市都昌县万户镇民丰村刘杉',NULL,3,'江干区',NULL,NULL,NULL,NULL,NULL,1001003216,'69984632-4','杭州万聚投资管理有限公司',NULL,NULL,16401,NULL,NULL,NULL,NULL,NULL,39289,NULL,NULL,NULL,NULL,NULL,'15088623865','81997552',NULL,NULL,NULL,NULL,NULL,0,'2014-12-02',NULL,1,'2011-08-15',3,'2011-09-15',36,NULL,NULL,NULL,NULL,'330105201300271265',3,NULL,NULL,'2014-12-31',NULL,NULL),
	(148250,148250,0,'赖章国',2101,'2000','33082219770405****','1977-04-05',1,1002,NULL,4804,NULL,'常山县青石镇周家坞村赖家5-1号',NULL,3,'江干区',NULL,NULL,NULL,NULL,NULL,1001003229,'66804728-X','杭州翼才企业管理咨询有限公司',4711,NULL,16401,NULL,NULL,NULL,NULL,NULL,21607,NULL,NULL,NULL,NULL,NULL,'13857102436','86433203',NULL,NULL,NULL,NULL,NULL,0,'2014-12-02',NULL,1,'2009-09-01',5,'2009-09-01',60,NULL,NULL,NULL,NULL,'330106201300356303',3,NULL,NULL,'2014-12-31',NULL,NULL),
	(148251,148251,0,'江小美',2102,'2000','36253120010811****','1990-05-04',NULL,NULL,NULL,NULL,NULL,NULL,NULL,NULL,NULL,NULL,NULL,NULL,NULL,NULL,NULL,NULL,NULL,NULL,NULL,16407,NULL,NULL,NULL,NULL,NULL,0,NULL,NULL,NULL,NULL,NULL,NULL,'15869012977',NULL,NULL,NULL,NULL,NULL,0,'2014-12-02',NULL,1,NULL,NULL,NULL,NULL,NULL,NULL,NULL,NULL,NULL,NULL,NULL,NULL,NULL,NULL,NULL),
	(148252,148252,0,'赖紫悦',2102,'2001','37048120040301****','2009-02-19',NULL,1001,NULL,4804,NULL,NULL,NULL,NULL,NULL,NULL,NULL,NULL,NULL,NULL,0,NULL,NULL,NULL,NULL,16410,NULL,NULL,NULL,NULL,NULL,0,NULL,NULL,NULL,NULL,NULL,NULL,NULL,NULL,NULL,NULL,NULL,NULL,0,'2014-12-02',NULL,1,NULL,NULL,NULL,NULL,NULL,NULL,NULL,NULL,NULL,NULL,NULL,NULL,NULL,NULL,NULL),
	(148826,148826,0,'丰吉玲',2102,'2000','33010620130504****','1989-01-01',1,1002,1,4804,NULL,'花园岗24',NULL,2,'下城区',NULL,NULL,NULL,NULL,NULL,1001001223,'76962038-0','安邦财产保险股份有限公司浙江分公司',NULL,NULL,16401,NULL,NULL,NULL,NULL,NULL,36653,NULL,NULL,NULL,NULL,NULL,'15068888169',NULL,NULL,NULL,NULL,NULL,NULL,0,'2014-12-04',NULL,1,'2013-06-01',1,'2013-06-01',15,NULL,NULL,NULL,NULL,'3301005201400091630',NULL,NULL,'2011-02-01','2014-12-01',NULL,NULL),
	(148827,148827,0,'朱安兵',2101,'2000','41232419790216****','1989-07-14',NULL,NULL,NULL,NULL,NULL,NULL,NULL,NULL,NULL,NULL,NULL,NULL,NULL,NULL,NULL,NULL,'杭州盛丰物流有限公司',NULL,NULL,16401,NULL,NULL,NULL,NULL,NULL,28951,NULL,NULL,NULL,NULL,NULL,NULL,'18512525806',NULL,NULL,NULL,NULL,NULL,0,'2014-12-04',NULL,1,NULL,NULL,NULL,NULL,NULL,NULL,NULL,NULL,NULL,NULL,NULL,NULL,NULL,NULL,NULL),
	(148828,148828,0,'朱俊丰',2101,'2000','36253119971028****','2013-07-29',NULL,1001,NULL,4804,NULL,NULL,NULL,NULL,NULL,NULL,NULL,NULL,NULL,NULL,0,NULL,NULL,NULL,NULL,16410,NULL,NULL,NULL,NULL,NULL,0,NULL,NULL,NULL,NULL,NULL,NULL,NULL,NULL,NULL,NULL,NULL,NULL,0,'2014-12-04',NULL,1,NULL,NULL,NULL,NULL,NULL,NULL,NULL,NULL,NULL,NULL,NULL,NULL,NULL,NULL,NULL),
	(148944,148944,0,'罗联岑',2101,'2000','35048119871101****','1987-11-01',1,1001,1,4803,NULL,NULL,NULL,5,'西湖区',NULL,NULL,NULL,NULL,NULL,1001002268,'76203069-5','康纳新型材料（杭州）有限公司',NULL,NULL,16401,NULL,NULL,NULL,NULL,NULL,38805,NULL,NULL,NULL,NULL,NULL,'18268865715',NULL,NULL,NULL,NULL,NULL,NULL,0,'2014-12-02',NULL,1,'2013-08-06',3,'2013-08-06',13,NULL,NULL,NULL,NULL,'330106201400260399',NULL,NULL,'2010-06-25','2016-08-05',NULL,NULL),
	(148979,148979,0,'张巧巧',2102,'2000','37078519870802****','1987-08-02',1,1001,2,4801,NULL,'三墩镇振华路5号',NULL,5,'西湖区',NULL,NULL,NULL,NULL,NULL,1101421500,'47010352-2','杭州师范大学附属中学',NULL,NULL,16401,NULL,NULL,NULL,NULL,NULL,34409,NULL,NULL,NULL,NULL,NULL,'18868818766',NULL,NULL,NULL,NULL,NULL,NULL,0,'2014-12-02',NULL,1,'2014-09-01',3,'2013-08-01',13,NULL,NULL,NULL,NULL,NULL,NULL,NULL,'2013-06-30','2017-08-31',NULL,NULL),
	(148998,148998,0,'陈斌蓉',2102,'2000','33038219880418****','1988-04-18',1,1001,2,4801,NULL,'三墩镇振华路5号',NULL,5,'西湖区',NULL,NULL,NULL,NULL,NULL,1101421500,'47010352-2','杭州师范大学附属中学',NULL,NULL,16401,NULL,NULL,NULL,NULL,NULL,84338,NULL,NULL,NULL,NULL,NULL,'18368860978',NULL,NULL,NULL,NULL,NULL,NULL,0,'2014-12-02',NULL,1,'2013-09-01',3,NULL,NULL,'2013-01-01',20,NULL,NULL,NULL,NULL,NULL,'2012-06-09','2016-08-31',NULL,NULL),
	(149703,149703,0,'韩东',2102,'2000','15040319880114****','1988-04-03',1,1001,2,4801,NULL,'青园小区21-4-301',NULL,1,'上城区',NULL,NULL,NULL,NULL,NULL,1001001397,'14308315-7','华东医药股份有限公司',NULL,NULL,16401,NULL,NULL,NULL,NULL,NULL,20639,NULL,NULL,NULL,NULL,NULL,'13868142513',NULL,NULL,NULL,NULL,NULL,NULL,0,'2014-12-04',NULL,1,'2013-07-07',5,'2013-07-01',14,NULL,NULL,NULL,NULL,NULL,NULL,NULL,'2013-06-14','2018-07-06',NULL,NULL),
	(149712,149712,0,'孙建锋',2101,'2000','33012119630119****','1963-01-19',1,1002,NULL,4801,NULL,'杭州市萧山区瓜沥镇明朗村3组2号',NULL,2,'下城区',NULL,NULL,NULL,NULL,NULL,1001001811,'14305408-1','杭州长运旅游有限公司',NULL,NULL,16401,NULL,NULL,NULL,NULL,NULL,39251,NULL,NULL,NULL,NULL,NULL,'13867105098',NULL,NULL,NULL,NULL,NULL,NULL,0,'2014-12-04',NULL,1,'2012-08-01',3,'2012-08-01',25,NULL,NULL,NULL,NULL,NULL,3,NULL,NULL,'2015-07-31',NULL,NULL),
	(149713,149713,0,'陈银妹',2102,'2000','33252219860207****','1965-05-19',NULL,NULL,NULL,NULL,NULL,NULL,NULL,NULL,NULL,NULL,NULL,NULL,NULL,NULL,NULL,NULL,NULL,NULL,NULL,16405,NULL,NULL,NULL,NULL,NULL,21857,NULL,NULL,NULL,NULL,NULL,NULL,'13867172775',NULL,NULL,NULL,NULL,NULL,0,'2014-12-04',NULL,1,NULL,NULL,NULL,NULL,NULL,NULL,NULL,NULL,NULL,NULL,NULL,NULL,NULL,NULL,NULL),
	(149933,149933,0,'胡苗建',2101,'2000','41270119821020****','1986-03-19',1,1002,1,4801,NULL,'东新路155号',NULL,5,'西湖区',NULL,NULL,NULL,NULL,NULL,1001002937,'74292466-7','杭州威力克通信系统有限公司',NULL,NULL,16401,NULL,NULL,NULL,NULL,NULL,42280,NULL,NULL,NULL,NULL,NULL,'15157151733',NULL,NULL,NULL,NULL,NULL,NULL,0,'2014-12-02',NULL,1,'2013-04-01',3,'2013-04-09',17,NULL,NULL,NULL,NULL,NULL,NULL,NULL,'2009-07-01','2016-04-01',NULL,NULL),
	(149934,149934,0,'张蓓倍',2102,'2000','33012619740520****','1986-09-27',NULL,NULL,NULL,NULL,NULL,NULL,NULL,NULL,NULL,NULL,NULL,NULL,NULL,NULL,NULL,NULL,'西湖区就业管理服务处',NULL,NULL,16401,NULL,NULL,NULL,NULL,NULL,19301,NULL,NULL,NULL,NULL,NULL,NULL,'13958092124',NULL,NULL,NULL,NULL,NULL,0,'2014-12-02',NULL,1,NULL,NULL,NULL,NULL,NULL,NULL,NULL,NULL,NULL,NULL,NULL,NULL,NULL,NULL,NULL),
	(149958,149958,0,'陈芳',2102,'2000','42050319781123****','1978-11-23',1,1001,NULL,4803,NULL,'西陵区红星路46号',NULL,2,'下城区',NULL,NULL,NULL,NULL,NULL,1001000624,'70420096-7','浙江大酒店有限公司',NULL,NULL,16401,NULL,NULL,NULL,NULL,NULL,23118,NULL,NULL,NULL,NULL,NULL,'13872458088',NULL,NULL,NULL,NULL,NULL,NULL,0,'2014-12-02',NULL,1,'2014-04-01',2,'2012-09-01',24,NULL,NULL,NULL,NULL,'330103201400094014',3,NULL,NULL,'2016-03-31',NULL,NULL),
	(150011,150011,0,'杨学军',2101,'2000','34118120130729****','1970-02-07',1,1002,NULL,4804,NULL,'华丰南苑310',NULL,2,'下城区',NULL,NULL,NULL,NULL,NULL,1001002874,'08885129-8','杭州市公共交通集团有限公司第六汽车分公司',NULL,NULL,16401,NULL,NULL,NULL,NULL,NULL,55140,NULL,NULL,NULL,NULL,NULL,'13732253918',NULL,NULL,NULL,NULL,NULL,NULL,0,'2014-12-02',NULL,1,'2011-11-08',5,'2012-07-01',26,NULL,NULL,NULL,NULL,'330103201400080087',3,NULL,NULL,'2016-11-07',NULL,NULL),
	(150012,150012,0,'贺六红',2102,'2000','36042420040106****','1970-07-22',NULL,NULL,NULL,NULL,NULL,NULL,NULL,NULL,NULL,NULL,NULL,NULL,NULL,NULL,NULL,NULL,NULL,NULL,NULL,16402,NULL,NULL,NULL,NULL,NULL,0,NULL,NULL,NULL,NULL,NULL,NULL,'18758282161',NULL,NULL,NULL,NULL,NULL,0,'2014-12-02',NULL,1,NULL,NULL,NULL,NULL,NULL,NULL,NULL,NULL,NULL,NULL,NULL,NULL,NULL,NULL,NULL),
	(150013,150013,0,'杨浩然',2101,'2000','33020519830308****','2010-06-05',NULL,1001,NULL,4804,NULL,NULL,NULL,NULL,NULL,NULL,NULL,NULL,NULL,NULL,0,NULL,NULL,NULL,NULL,16409,NULL,NULL,NULL,NULL,NULL,0,NULL,NULL,NULL,NULL,NULL,NULL,NULL,NULL,NULL,NULL,NULL,NULL,0,'2014-12-02',NULL,1,NULL,NULL,NULL,NULL,NULL,NULL,NULL,NULL,NULL,NULL,NULL,NULL,NULL,NULL,NULL),
	(150381,150381,0,'张忠明',2101,'2000','33032419851116****','1973-01-18',1,1002,NULL,4804,NULL,'临安市太湖源镇指南村7组塘顶30号',NULL,3,'江干区',NULL,NULL,NULL,NULL,NULL,1001001568,'73604690-9','杭州长运客运旅游有限公司',4711,NULL,16401,NULL,NULL,NULL,NULL,NULL,56596,NULL,NULL,NULL,NULL,NULL,'15858239665','86485657',NULL,NULL,NULL,NULL,NULL,0,'2014-12-02',NULL,1,'2013-08-01',3,'2013-08-01',13,NULL,NULL,NULL,NULL,'330105201400003916',3,NULL,NULL,'2016-07-31',NULL,NULL),
	(150382,150382,0,'朱光翠',2102,'2000','34252319730329****','1973-03-29',NULL,NULL,NULL,NULL,NULL,NULL,NULL,NULL,NULL,NULL,NULL,NULL,NULL,NULL,NULL,NULL,NULL,NULL,NULL,16402,NULL,NULL,NULL,NULL,NULL,0,NULL,NULL,NULL,NULL,NULL,NULL,'13989877748',NULL,NULL,NULL,NULL,NULL,0,'2014-12-02',NULL,1,NULL,NULL,NULL,NULL,NULL,NULL,NULL,NULL,NULL,NULL,NULL,NULL,NULL,NULL,NULL),
	(150383,150383,0,'张定丰',2101,'2001','37048119780905****','2005-12-26',NULL,1001,NULL,4804,NULL,NULL,NULL,NULL,NULL,NULL,NULL,NULL,NULL,NULL,0,NULL,NULL,NULL,NULL,16409,NULL,NULL,NULL,NULL,NULL,0,NULL,NULL,NULL,NULL,NULL,NULL,NULL,NULL,NULL,NULL,NULL,NULL,0,'2014-12-02',NULL,1,NULL,NULL,NULL,NULL,NULL,NULL,NULL,NULL,NULL,NULL,NULL,NULL,NULL,NULL,NULL),
	(150482,150482,0,'俞达飞',2101,'2000','41032619640312****','1988-04-28',1,1001,1,4801,NULL,NULL,NULL,3,'江干区',NULL,NULL,NULL,NULL,NULL,1001000220,'78829049-5','杭州精诚劳动事务代理服务有限公司',4711,NULL,16401,NULL,NULL,NULL,NULL,NULL,10000,NULL,NULL,NULL,NULL,NULL,'13758109375',NULL,NULL,NULL,NULL,NULL,NULL,0,'2014-12-02',NULL,1,'2014-03-01',2,'2014-03-01',6,NULL,NULL,NULL,NULL,NULL,NULL,NULL,'2010-06-01','2016-12-31',NULL,NULL),
	(150759,150759,0,'杨伟丽',2102,'2000','33252219901020****','1990-10-20',1,1001,1,4803,NULL,'迎春小区16-2-601',NULL,1,'上城区',NULL,NULL,NULL,NULL,NULL,1001002405,'10002324-2','南华期货股份有限公司',NULL,NULL,16401,NULL,NULL,NULL,NULL,NULL,16682,NULL,NULL,NULL,NULL,NULL,'15158104671',NULL,NULL,NULL,NULL,NULL,NULL,0,'2014-12-04',NULL,1,'2013-07-22',2,'2013-08-01',13,NULL,NULL,NULL,NULL,'330108201400117785',NULL,NULL,'2013-06-20','2016-06-21',NULL,NULL),
	(150879,150879,0,'刘红强',2101,'2000','41232419781116****','1978-11-16',1,1002,NULL,4804,NULL,'荷花苑241-11',NULL,2,'下城区',NULL,NULL,NULL,NULL,NULL,1001002874,'08885129-8','杭州市公共交通集团有限公司第六汽车分公司',NULL,NULL,16401,NULL,NULL,NULL,NULL,NULL,55479,NULL,NULL,NULL,NULL,NULL,'13989843353',NULL,NULL,NULL,NULL,NULL,NULL,0,'2014-12-02',NULL,1,'2011-08-16',6,'2012-07-01',26,NULL,NULL,NULL,NULL,'330106201400211755',3,NULL,NULL,'2017-08-15',NULL,NULL),
	(150880,150880,0,'孙冬华',2102,'2000','33012619750201****','1979-02-16',NULL,NULL,NULL,NULL,NULL,NULL,NULL,NULL,NULL,NULL,NULL,NULL,NULL,NULL,NULL,NULL,NULL,NULL,NULL,16402,NULL,NULL,NULL,NULL,NULL,17640,NULL,NULL,NULL,NULL,NULL,NULL,NULL,NULL,NULL,NULL,NULL,NULL,0,'2014-12-02',NULL,1,NULL,NULL,NULL,NULL,NULL,NULL,NULL,NULL,NULL,NULL,NULL,NULL,NULL,NULL,NULL),
	(150881,150881,0,'刘硕',2101,'2000','41142320080116****','2008-01-16',NULL,1001,NULL,4804,NULL,NULL,NULL,NULL,NULL,NULL,NULL,NULL,NULL,NULL,0,NULL,NULL,NULL,NULL,16409,NULL,NULL,NULL,NULL,NULL,0,NULL,NULL,NULL,NULL,NULL,NULL,NULL,NULL,NULL,NULL,NULL,NULL,0,'2014-12-02',NULL,1,NULL,NULL,NULL,NULL,NULL,NULL,NULL,NULL,NULL,NULL,NULL,NULL,NULL,NULL,NULL),
	(151270,151270,0,'韩琦',2101,'2000','33010419821117****','1982-11-17',1,1001,NULL,4801,NULL,'机场路1巷-13-2-2-401','1982-11-17',3,'江干区',NULL,NULL,NULL,NULL,NULL,1001003405,'56608295-7','杭州若备雅贸易有限公司',4711,NULL,16401,NULL,NULL,NULL,NULL,NULL,17640,NULL,NULL,NULL,NULL,NULL,'18758010918',NULL,NULL,NULL,NULL,NULL,NULL,0,'2014-12-02',NULL,1,NULL,NULL,NULL,NULL,NULL,NULL,NULL,NULL,NULL,NULL,NULL,NULL,NULL,NULL,NULL),
	(151343,151343,0,'陈菲菲',2102,'2000','33012619751107****','1988-11-27',1,1001,1,4804,NULL,NULL,NULL,5,'西湖区',NULL,NULL,NULL,NULL,NULL,1001003411,'57171209-5','浙江世纪协和节能科技有限公司',NULL,NULL,16401,NULL,NULL,NULL,NULL,NULL,10893,NULL,NULL,NULL,NULL,NULL,'18868695679',NULL,NULL,NULL,NULL,NULL,NULL,0,'2014-12-04',NULL,1,'2013-06-25',2,'2013-07-01',14,NULL,NULL,NULL,NULL,'33010620140045597',NULL,NULL,'2013-06-30','2015-06-24',NULL,NULL),
	(151384,151384,0,'章晓燕',2102,'2000','33052120081026****','1984-10-22',1,1001,NULL,4801,NULL,'大关东一苑22-2-501','2006-11-30',1,'上城区',NULL,NULL,NULL,NULL,NULL,1001000417,'14303387-0','杭州邮政发展总公司',NULL,NULL,16401,NULL,NULL,NULL,NULL,NULL,47493,NULL,NULL,NULL,NULL,NULL,'13588860434',NULL,NULL,NULL,NULL,NULL,NULL,0,'2014-12-03',NULL,1,NULL,NULL,NULL,NULL,NULL,NULL,NULL,NULL,NULL,NULL,NULL,NULL,NULL,NULL,NULL),
	(151642,151642,0,'高传峰',2101,'2000','34122719850526****','1985-05-26',1,1001,2,4801,NULL,'古墩路316号',NULL,5,'西湖区',NULL,NULL,NULL,NULL,NULL,1001002802,'14308813-4','浙江城建煤气热电设计院有限公司',NULL,NULL,16401,NULL,NULL,NULL,NULL,NULL,34831,NULL,NULL,NULL,NULL,NULL,'13738015379',NULL,NULL,NULL,NULL,NULL,NULL,0,'2014-12-04',NULL,1,'2012-06-13',5,'2012-09-01',24,NULL,NULL,NULL,NULL,NULL,NULL,NULL,'2011-01-07','2017-06-30',NULL,NULL),
	(151761,151761,0,'杨旭峰',2101,'2000','33262319791113****','1970-03-20',1,1002,NULL,4803,NULL,NULL,NULL,5,'西湖区',NULL,NULL,NULL,NULL,NULL,1001001435,'14291169-4','浙江外事旅游汽车有限公司',NULL,NULL,16401,NULL,NULL,NULL,NULL,NULL,51053,NULL,NULL,NULL,NULL,NULL,'15990084493',NULL,NULL,NULL,NULL,NULL,NULL,0,'2014-12-04',NULL,1,'2011-01-07',4,'2012-09-01',24,NULL,NULL,NULL,NULL,'330105201400202130',3,NULL,NULL,'2015-01-06',NULL,NULL),
	(151762,151762,0,'吴良珍',2102,'2000','33082519860905****','1979-02-02',NULL,NULL,NULL,NULL,NULL,NULL,NULL,NULL,NULL,NULL,NULL,NULL,NULL,NULL,NULL,NULL,NULL,NULL,NULL,16407,NULL,NULL,NULL,NULL,NULL,0,NULL,NULL,NULL,NULL,NULL,NULL,'13588476324',NULL,NULL,NULL,NULL,NULL,0,'2014-12-04',NULL,1,NULL,NULL,NULL,NULL,NULL,NULL,NULL,NULL,NULL,NULL,NULL,NULL,NULL,NULL,NULL),
	(151763,151763,0,'汪惠东',2101,'2000','43052719841118****','1974-05-20',1,1002,NULL,4804,NULL,'建德市大岩镇汪山村237号',NULL,4,'拱墅区',NULL,NULL,NULL,NULL,NULL,1001000133,'73526729-1','浙江诚信人才资源交流服务有限公司',NULL,NULL,16401,NULL,NULL,NULL,NULL,NULL,41946,NULL,NULL,NULL,NULL,NULL,'13588861261',NULL,NULL,NULL,NULL,NULL,NULL,0,'2014-12-02',NULL,1,'2014-01-01',2,'2012-09-01',24,NULL,NULL,NULL,NULL,'330105201400159372',3,NULL,NULL,'2015-12-31',NULL,NULL),
	(151764,151764,0,'周建英',2102,'2000','33052219700320****','1984-11-02',NULL,NULL,NULL,NULL,NULL,NULL,NULL,NULL,NULL,NULL,NULL,NULL,NULL,NULL,NULL,NULL,'中智上海公司',NULL,NULL,16401,NULL,NULL,NULL,NULL,NULL,31860,NULL,NULL,NULL,NULL,NULL,NULL,NULL,NULL,NULL,NULL,NULL,NULL,0,'2014-12-02',NULL,1,NULL,NULL,NULL,NULL,NULL,NULL,NULL,NULL,NULL,NULL,NULL,NULL,NULL,NULL,NULL),
	(151765,151765,0,'汪睿',2101,'2000','33010620101111****','2001-12-26',NULL,1001,NULL,4804,NULL,NULL,NULL,NULL,NULL,NULL,NULL,NULL,NULL,NULL,0,NULL,NULL,NULL,NULL,16410,NULL,NULL,NULL,NULL,NULL,0,NULL,NULL,NULL,NULL,NULL,NULL,NULL,NULL,NULL,NULL,NULL,NULL,0,'2014-12-02',NULL,1,NULL,NULL,NULL,NULL,NULL,NULL,NULL,NULL,NULL,NULL,NULL,NULL,NULL,NULL,NULL),
	(151800,151800,0,'杨泽梒',2101,'2000','35082520130623****','2013-06-23',NULL,1001,NULL,4803,NULL,NULL,NULL,NULL,NULL,NULL,NULL,NULL,NULL,NULL,0,NULL,NULL,NULL,NULL,16410,NULL,NULL,NULL,NULL,NULL,0,NULL,NULL,NULL,NULL,NULL,NULL,NULL,NULL,NULL,NULL,NULL,NULL,0,'2014-12-04',NULL,1,NULL,NULL,NULL,NULL,NULL,NULL,NULL,NULL,NULL,NULL,NULL,NULL,NULL,NULL,NULL),
	(151816,151816,0,'杨炎春',2101,'2000','33082419651111****','1984-10-22',1,1002,2,4803,NULL,'何目桥村草荡苑58号',NULL,5,'西湖区',NULL,NULL,NULL,NULL,NULL,1001003343,'76822546-9','淘宝（中国）软件有限公司',NULL,NULL,16401,NULL,NULL,NULL,NULL,NULL,0,NULL,NULL,NULL,NULL,NULL,'13761192427',NULL,NULL,NULL,NULL,NULL,NULL,0,'2014-12-04',NULL,1,'2014-01-13',3,'2014-01-01',8,NULL,NULL,NULL,NULL,'330110201400269888',NULL,NULL,'2013-01-02','2017-01-12',NULL,NULL),
	(151817,151817,0,'陈梅',2102,'2000','33012720000923****','1983-10-24',NULL,NULL,NULL,NULL,NULL,NULL,NULL,NULL,NULL,NULL,NULL,NULL,NULL,NULL,NULL,NULL,'厦门百诚置业有限公司',NULL,NULL,16401,NULL,NULL,NULL,NULL,NULL,24000,NULL,NULL,NULL,NULL,NULL,NULL,'13859957062',NULL,NULL,NULL,NULL,NULL,0,'2014-12-04',NULL,1,NULL,NULL,NULL,NULL,NULL,NULL,NULL,NULL,NULL,NULL,NULL,NULL,NULL,NULL,NULL),
	(151860,151860,0,'王红伟',2101,'2000','33010520081125****','1974-12-16',1,1002,NULL,4804,NULL,'商丘市梁园区李庄乡赵阁村',NULL,2,'下城区',NULL,NULL,NULL,NULL,NULL,1001000113,'14303484-9','杭州市公共交通集团有限公司',NULL,NULL,16401,NULL,NULL,NULL,NULL,NULL,76607,NULL,NULL,NULL,NULL,NULL,'15157146092',NULL,NULL,NULL,NULL,NULL,NULL,0,'2014-12-03',NULL,1,'2013-04-01',2,'2012-09-01',24,NULL,NULL,NULL,NULL,'330105201400125915',3,NULL,NULL,'2015-12-31',NULL,NULL),
	(151861,151861,0,'豆素兰',2102,'2000','33900519880428****','1973-08-29',NULL,NULL,NULL,NULL,NULL,NULL,NULL,NULL,NULL,NULL,NULL,NULL,NULL,NULL,NULL,NULL,NULL,NULL,NULL,16402,NULL,NULL,NULL,NULL,NULL,0,NULL,NULL,NULL,NULL,NULL,NULL,NULL,NULL,NULL,NULL,NULL,NULL,0,'2014-12-03',NULL,1,NULL,NULL,NULL,NULL,NULL,NULL,NULL,NULL,NULL,NULL,NULL,NULL,NULL,NULL,NULL),
	(151862,151862,0,'王顺',2101,'2000','41140219970716****','1997-07-16',NULL,1001,NULL,4804,NULL,NULL,NULL,NULL,NULL,NULL,NULL,NULL,NULL,NULL,0,NULL,NULL,NULL,NULL,16409,NULL,NULL,NULL,NULL,NULL,0,NULL,NULL,NULL,NULL,NULL,NULL,NULL,NULL,NULL,NULL,NULL,NULL,0,'2014-12-03',NULL,1,NULL,NULL,NULL,NULL,NULL,NULL,NULL,NULL,NULL,NULL,NULL,NULL,NULL,NULL,NULL),
	(151863,151863,0,'王小川',2101,'2000','33012719720224****','1999-02-12',NULL,1001,NULL,4804,NULL,NULL,NULL,NULL,NULL,NULL,NULL,NULL,NULL,NULL,0,NULL,NULL,NULL,NULL,16409,NULL,NULL,NULL,NULL,NULL,0,NULL,NULL,NULL,NULL,NULL,NULL,NULL,NULL,NULL,NULL,NULL,NULL,0,'2014-12-03',NULL,1,NULL,NULL,NULL,NULL,NULL,NULL,NULL,NULL,NULL,NULL,NULL,NULL,NULL,NULL,NULL),
	(151961,151961,0,'陈细娥',2102,'2000','33068319881113****','1975-10-12',1,1002,NULL,4804,NULL,'抚州市张家组018号',NULL,4,'拱墅区',NULL,NULL,NULL,NULL,NULL,1001000008,'72718624-8','浙江新世纪人才开发有限公司',NULL,NULL,16401,NULL,NULL,NULL,NULL,NULL,28019,NULL,NULL,NULL,NULL,NULL,'15695716726',NULL,NULL,NULL,NULL,NULL,NULL,0,'2014-12-02',NULL,1,'2014-01-01',2,'2012-09-01',24,NULL,NULL,NULL,NULL,'330106201400277681',3,NULL,NULL,'2015-12-31',NULL,NULL),
	(151962,151962,0,'张小辉',2101,'2000','34082619740829****','1972-08-06',NULL,NULL,NULL,NULL,NULL,NULL,NULL,NULL,NULL,NULL,NULL,NULL,NULL,NULL,NULL,NULL,NULL,NULL,NULL,16407,NULL,NULL,NULL,NULL,NULL,0,NULL,NULL,NULL,NULL,NULL,NULL,NULL,NULL,NULL,NULL,NULL,NULL,0,'2014-12-02',NULL,1,NULL,NULL,NULL,NULL,NULL,NULL,NULL,NULL,NULL,NULL,NULL,NULL,NULL,NULL,NULL),
	(151963,151963,0,'张俊波',2101,'2000','41042120100605****','1997-10-28',NULL,1001,NULL,4804,NULL,NULL,NULL,NULL,NULL,NULL,NULL,NULL,NULL,NULL,0,NULL,NULL,NULL,NULL,16409,NULL,NULL,NULL,NULL,NULL,0,NULL,NULL,NULL,NULL,NULL,NULL,NULL,NULL,NULL,NULL,NULL,NULL,0,'2014-12-02',NULL,1,NULL,NULL,NULL,NULL,NULL,NULL,NULL,NULL,NULL,NULL,NULL,NULL,NULL,NULL,NULL),
	(151964,151964,0,'张俊芳',2102,'2000','36220219900226****','2001-08-11',NULL,1001,NULL,4804,NULL,NULL,NULL,NULL,NULL,NULL,NULL,NULL,NULL,NULL,0,NULL,NULL,NULL,NULL,16410,NULL,NULL,NULL,NULL,NULL,0,NULL,NULL,NULL,NULL,NULL,NULL,NULL,NULL,NULL,NULL,NULL,NULL,0,'2014-12-02',NULL,1,NULL,NULL,NULL,NULL,NULL,NULL,NULL,NULL,NULL,NULL,NULL,NULL,NULL,NULL,NULL),
	(151966,151966,0,'郑小明',2101,'2000','33010519831208****','1985-12-11',1,1001,1,4804,NULL,'淳安县郑家91号',NULL,4,'拱墅区',NULL,NULL,NULL,NULL,NULL,1001003402,'L1055532-8','浙江建华五金机电市场盛隆五金机电经营部',4799,NULL,16401,NULL,NULL,NULL,NULL,NULL,25073,NULL,NULL,NULL,NULL,NULL,'18868710746',NULL,NULL,NULL,NULL,NULL,NULL,0,'2014-12-03',NULL,1,'2014-07-01',2,'2012-09-01',24,NULL,NULL,NULL,NULL,'330105201400167395',NULL,NULL,'2009-07-06','2017-06-01',NULL,NULL),
	(151974,151974,0,'张莹',2102,'2000','37132519700221****','1989-10-21',1,1001,1,4803,NULL,'浙江省温州市瓯海区茶山街道温州大学',NULL,4,'拱墅区',NULL,NULL,NULL,NULL,NULL,1001003432,'59660546-4','杭州红米贸易有限公司',NULL,NULL,16401,NULL,NULL,NULL,NULL,NULL,27210,NULL,NULL,NULL,NULL,NULL,'15558031580',NULL,NULL,NULL,NULL,NULL,NULL,0,'2014-12-03',NULL,1,'2013-08-01',1,'2014-03-01',6,NULL,NULL,NULL,NULL,'330105201200172227',NULL,NULL,'2012-06-20','2014-09-30',NULL,NULL),
	(151978,151978,0,'于滨',2102,'2000','32068319890828****','1983-02-15',1,1002,2,4801,NULL,'天目山路398号',NULL,5,'西湖区',NULL,NULL,NULL,NULL,NULL,1001000383,'60916844-4','艾康生物枝术（杭州）有限公司',NULL,NULL,16401,NULL,NULL,NULL,NULL,NULL,51132,NULL,NULL,NULL,NULL,NULL,'18606530278',NULL,NULL,NULL,NULL,NULL,NULL,0,'2014-12-04',NULL,1,'2012-06-18',3,'2012-06-01',27,NULL,NULL,NULL,NULL,NULL,NULL,NULL,'2011-04-06','2015-06-17',NULL,NULL),
	(151979,151979,0,'潘海滔',2101,'2000','33012719841022****','1985-11-16',NULL,NULL,NULL,NULL,NULL,NULL,NULL,NULL,NULL,NULL,NULL,NULL,NULL,NULL,NULL,NULL,'浙江大学基础医学院',NULL,NULL,16409,NULL,NULL,NULL,NULL,NULL,23700,NULL,NULL,NULL,NULL,NULL,NULL,NULL,NULL,NULL,NULL,NULL,NULL,0,'2014-12-04',NULL,1,NULL,NULL,NULL,NULL,NULL,NULL,NULL,NULL,NULL,NULL,NULL,NULL,NULL,NULL,NULL),
	(151980,151980,0,'潘雨熙',2102,'2015','2014****','2014-09-10',NULL,1001,NULL,4801,NULL,NULL,NULL,NULL,NULL,NULL,NULL,NULL,NULL,NULL,0,NULL,NULL,NULL,NULL,16410,NULL,NULL,NULL,NULL,NULL,0,NULL,NULL,NULL,NULL,NULL,NULL,NULL,NULL,NULL,NULL,NULL,NULL,0,'2014-12-04',NULL,1,NULL,NULL,NULL,NULL,NULL,NULL,NULL,NULL,NULL,NULL,NULL,NULL,NULL,NULL,NULL),
	(152060,152060,0,'孟劼',2101,'2000','35082519841022****','1987-03-12',1,1002,2,4801,NULL,'滨江区西兴街道古塘路 6号',NULL,5,'西湖区',NULL,NULL,NULL,NULL,NULL,1001000576,'25391560-4','普天东方通信集团有限公司',NULL,NULL,16401,NULL,NULL,NULL,NULL,NULL,41605,NULL,NULL,NULL,NULL,NULL,'18516244018',NULL,NULL,NULL,NULL,NULL,NULL,0,'2014-12-04',NULL,1,'2014-09-10',3,'2012-09-01',24,NULL,NULL,NULL,NULL,NULL,NULL,NULL,'2012-06-30','2017-09-30',NULL,NULL),
	(152061,152061,0,'马恒文',2102,'2000','32108819870618****','1987-06-18',NULL,NULL,NULL,NULL,NULL,NULL,NULL,NULL,NULL,NULL,NULL,NULL,NULL,NULL,NULL,NULL,'江西昌兴航空装备股份有限公司',NULL,NULL,16401,NULL,NULL,NULL,NULL,NULL,36773,NULL,NULL,NULL,NULL,NULL,NULL,NULL,NULL,NULL,NULL,NULL,NULL,0,'2014-12-04',NULL,1,NULL,NULL,NULL,NULL,NULL,NULL,NULL,NULL,NULL,NULL,NULL,NULL,NULL,NULL,NULL),
	(152268,152268,0,'魏鹏鹏',2101,'2000','34118119890714****','1988-11-13',1,1001,1,4803,NULL,NULL,NULL,5,'西湖区',NULL,NULL,NULL,NULL,NULL,1001003459,'67162579-X','浙江西城建筑设计有限公司',NULL,NULL,16401,NULL,NULL,NULL,NULL,NULL,36564,NULL,NULL,NULL,NULL,NULL,'15869114946',NULL,NULL,NULL,NULL,NULL,NULL,0,'2014-12-04',NULL,1,'2011-10-07',3,NULL,NULL,'2014-01-23',8,NULL,NULL,'330106201400353952',NULL,NULL,'2011-06-30','2014-10-06',NULL,NULL),
	(152305,152305,0,'高佳佳',2101,'2000','43048119840908****','1987-09-17',1,1002,2,4801,NULL,'学院路102号',NULL,5,'西湖区',NULL,NULL,NULL,NULL,NULL,1001000503,'74290397-0','华电电力科学研究院',NULL,NULL,16401,NULL,NULL,NULL,NULL,NULL,24100,NULL,NULL,NULL,NULL,NULL,'18757582746',NULL,NULL,NULL,NULL,NULL,NULL,0,'2014-12-04',NULL,1,'2013-08-01',2,'2013-08-01',13,NULL,NULL,NULL,NULL,NULL,NULL,NULL,'2013-07-01','2015-08-01',NULL,NULL),
	(152306,152306,0,'陆倩倩',2102,'2000','22021119830215****','1989-08-28',NULL,NULL,NULL,NULL,NULL,NULL,NULL,NULL,NULL,NULL,NULL,NULL,NULL,NULL,NULL,NULL,NULL,NULL,NULL,16403,NULL,NULL,NULL,NULL,NULL,17640,NULL,NULL,NULL,NULL,NULL,NULL,NULL,NULL,NULL,NULL,NULL,NULL,0,'2014-12-04',NULL,1,NULL,NULL,NULL,NULL,NULL,NULL,NULL,NULL,NULL,NULL,NULL,NULL,NULL,NULL,NULL),
	(152377,152377,0,'徐海忠',2101,'2000','61058120070813****','1970-04-17',1,1002,NULL,4803,NULL,'浙江省开化县城关镇木勺山29号',NULL,2,'下城区',NULL,NULL,NULL,NULL,NULL,1001000600,'14304867-7','杭州长运运输集团有限公司',NULL,NULL,16401,NULL,NULL,NULL,NULL,NULL,61681,NULL,NULL,NULL,NULL,NULL,'15067179707',NULL,NULL,NULL,NULL,NULL,NULL,0,'2014-12-04',NULL,1,'2010-06-01',5,'2012-09-01',24,NULL,NULL,NULL,NULL,'330106201400315051',3,NULL,NULL,'2015-05-31',NULL,NULL),
	(152378,152378,0,'张群英',2102,'2000','34082619770205****','1972-07-26',NULL,NULL,NULL,NULL,NULL,NULL,NULL,NULL,NULL,NULL,NULL,NULL,NULL,NULL,NULL,NULL,'广州建智人力资源管理有限公司',NULL,NULL,16401,NULL,NULL,NULL,NULL,NULL,28182,NULL,NULL,NULL,NULL,NULL,NULL,'15268100971',NULL,NULL,NULL,NULL,NULL,0,'2014-12-04',NULL,1,NULL,NULL,NULL,NULL,NULL,NULL,NULL,NULL,NULL,NULL,NULL,NULL,NULL,NULL,NULL),
	(152460,152460,0,'吕岩',2101,'2000','23262519760216****','1976-02-16',1,1002,NULL,4804,NULL,'黑龙江省逊克县边疆镇高滩村2组121号',NULL,2,'下城区',NULL,NULL,NULL,NULL,NULL,1001000194,'78239724-0','浙江全通汽车维修有限公司',NULL,NULL,16401,NULL,NULL,NULL,NULL,NULL,34023,NULL,NULL,NULL,NULL,NULL,'13656658829',NULL,NULL,NULL,NULL,NULL,NULL,0,'2014-12-04',NULL,1,'2014-06-26',1,'2012-09-01',24,NULL,NULL,NULL,NULL,'330103201400029829',3,NULL,NULL,'2015-06-25',NULL,NULL),
	(152461,152461,0,'时胜华',2102,'2000','23262519750301****','1975-03-01',NULL,NULL,NULL,NULL,NULL,NULL,NULL,NULL,NULL,NULL,NULL,NULL,NULL,NULL,NULL,NULL,'浙江全通汽车维修有限公司',NULL,NULL,16401,NULL,NULL,NULL,NULL,NULL,18718,NULL,NULL,NULL,NULL,NULL,NULL,'13588477767',NULL,NULL,NULL,NULL,NULL,0,'2014-12-04',NULL,1,NULL,NULL,NULL,NULL,NULL,NULL,NULL,NULL,NULL,NULL,NULL,NULL,NULL,NULL,NULL),
	(152462,152462,0,'吕文铎',2101,'2000','23112319990214****','1999-02-14',NULL,1001,NULL,4804,NULL,NULL,NULL,NULL,NULL,NULL,NULL,NULL,NULL,NULL,0,NULL,NULL,NULL,NULL,16409,NULL,NULL,NULL,NULL,NULL,0,NULL,NULL,NULL,NULL,NULL,NULL,NULL,NULL,NULL,NULL,NULL,NULL,0,'2014-12-04',NULL,1,NULL,NULL,NULL,NULL,NULL,NULL,NULL,NULL,NULL,NULL,NULL,NULL,NULL,NULL,NULL),
	(153152,153152,0,'卢德美',2102,'2000','41078219890905****','1989-09-05',1,1001,1,4803,NULL,'河南辉县',NULL,7,'下沙区',NULL,NULL,NULL,NULL,NULL,1001002784,'7823562-7','杭州百事可乐饮料有限公司',NULL,NULL,16401,NULL,NULL,NULL,NULL,NULL,37264,NULL,NULL,NULL,NULL,NULL,'18329126961',NULL,NULL,NULL,NULL,NULL,NULL,0,'2014-12-04',NULL,1,'2014-05-12',3,'2012-07-02',26,NULL,NULL,NULL,NULL,'33010520140019740',NULL,NULL,'2011-06-26','2017-05-31',NULL,NULL),
	(153555,153555,0,'田佩军',2101,'2000','15262719850430****','1970-02-21',1,1002,NULL,4804,NULL,'山东省费县朱田镇龙凤山村二组273号',NULL,2,'下城区',NULL,NULL,NULL,NULL,NULL,1001000113,'14303484-9','杭州市公共交通集团有限公司',NULL,NULL,16401,NULL,NULL,NULL,NULL,NULL,47859,NULL,NULL,NULL,NULL,NULL,'13867419753',NULL,NULL,NULL,NULL,NULL,NULL,0,'2014-12-02',NULL,1,'2011-01-01',6,'2012-09-01',25,NULL,NULL,NULL,NULL,'330105201400057495',3,NULL,NULL,'2016-12-31',NULL,NULL),
	(153556,153556,0,'党连红',2102,'2000','33012419730118****','1972-01-03',NULL,NULL,NULL,NULL,NULL,NULL,NULL,NULL,NULL,NULL,NULL,NULL,NULL,NULL,NULL,NULL,NULL,NULL,NULL,16407,NULL,NULL,NULL,NULL,NULL,17640,NULL,NULL,NULL,NULL,NULL,NULL,'15824445813',NULL,NULL,NULL,NULL,NULL,0,'2014-12-02',NULL,1,NULL,NULL,NULL,NULL,NULL,NULL,NULL,NULL,NULL,NULL,NULL,NULL,NULL,NULL,NULL),
	(153557,153557,0,'田恺睿',2102,'2000','37132520040324****','2004-03-24',NULL,1001,NULL,4804,NULL,NULL,NULL,NULL,NULL,NULL,NULL,NULL,NULL,NULL,0,NULL,NULL,NULL,NULL,16409,NULL,NULL,NULL,NULL,NULL,0,NULL,NULL,NULL,NULL,NULL,NULL,NULL,NULL,NULL,NULL,NULL,NULL,0,'2014-12-02',NULL,1,NULL,NULL,NULL,NULL,NULL,NULL,NULL,NULL,NULL,NULL,NULL,NULL,NULL,NULL,NULL),
	(153558,153558,0,'田富豪',2101,'2000','33010319760109****','2010-03-16',NULL,1001,NULL,4804,NULL,NULL,NULL,NULL,NULL,NULL,NULL,NULL,NULL,NULL,0,NULL,NULL,NULL,NULL,16409,NULL,NULL,NULL,NULL,NULL,0,NULL,NULL,NULL,NULL,NULL,NULL,NULL,NULL,NULL,NULL,NULL,NULL,0,'2014-12-02',NULL,1,NULL,NULL,NULL,NULL,NULL,NULL,NULL,NULL,NULL,NULL,NULL,NULL,NULL,NULL,NULL),
	(154217,154217,0,'刘敏',2102,'2000','41052619880620****','1988-06-20',1,1001,1,4804,NULL,NULL,NULL,5,'西湖区',NULL,NULL,NULL,NULL,NULL,2001000008,'14291235-5','浙江省建工集团有限责任公司',NULL,NULL,16401,NULL,NULL,NULL,NULL,NULL,19143,NULL,NULL,NULL,NULL,NULL,'18218819921',NULL,NULL,NULL,NULL,NULL,NULL,0,'2014-12-04',NULL,1,'2013-10-15',3,'2013-10-01',12,NULL,NULL,NULL,NULL,'330106201400304986',NULL,NULL,'2012-06-13','2016-10-14',NULL,NULL),
	(154422,154422,0,'黄佳琪',2102,'2000','33068119880920****','1988-09-20',1,1001,1,4803,NULL,'荷花苑17号15室',NULL,5,'西湖区',NULL,NULL,NULL,NULL,NULL,1001002209,'79966434-1','杭州网脉通信科技有限公司',NULL,NULL,16401,NULL,NULL,NULL,NULL,NULL,39904,NULL,NULL,NULL,NULL,NULL,'18758297326',NULL,NULL,NULL,NULL,NULL,NULL,0,'2014-12-04',NULL,1,'2013-07-31',2,'2012-09-01',25,NULL,NULL,NULL,NULL,'330106201400064396',NULL,NULL,'2010-06-29','2015-12-31',NULL,NULL),
	(154429,154429,0,'张菁菁',2102,'2000','36040119880629****','1988-06-29',1,1001,2,4801,NULL,'莲花街333号',NULL,5,'西湖区',NULL,NULL,NULL,NULL,NULL,1001000377,'77356588-X','林德工程（杭州)有限公司',NULL,NULL,16401,NULL,NULL,NULL,NULL,NULL,36814,NULL,NULL,NULL,NULL,NULL,'18768188316',NULL,NULL,NULL,NULL,NULL,NULL,0,'2014-12-04',NULL,1,'2013-04-01',3,'2013-04-01',18,NULL,NULL,NULL,NULL,NULL,NULL,NULL,'2013-03-30','2016-04-30',NULL,NULL),
	(154885,154885,0,'倪励诚',2101,'2000','33052219890406****','1989-04-06',1,1001,1,4803,NULL,NULL,NULL,5,'西湖区',NULL,NULL,NULL,NULL,NULL,1001003589,'56058306-4','东阳长城影视传媒有限公司杭州分公司',NULL,NULL,16401,NULL,NULL,NULL,NULL,NULL,28848,NULL,NULL,NULL,NULL,NULL,'15158183296',NULL,NULL,NULL,NULL,NULL,NULL,0,'2014-12-03',NULL,1,'2013-08-01',3,'2013-08-01',14,NULL,NULL,NULL,NULL,'330105201200081618',NULL,NULL,'2014-07-01','2016-07-31',NULL,NULL),
	(155213,155213,0,'姜文炜',2101,'2000','33060219871130****','1987-11-30',1,1001,1,4803,NULL,NULL,NULL,5,'西湖区',NULL,NULL,NULL,NULL,NULL,1001003603,'71761427-X','浙江省大成建设集团有限公司',NULL,NULL,16401,NULL,NULL,NULL,NULL,NULL,40903,NULL,NULL,NULL,NULL,NULL,'15869003211',NULL,NULL,NULL,NULL,NULL,NULL,0,'2014-12-04',NULL,1,'2012-08-13',3,'2012-08-17',25,NULL,NULL,NULL,NULL,'330103201400119331',NULL,NULL,'2011-06-21','2015-08-12',NULL,NULL),
	(173294,173294,0,'金尚槿',2102,'2000','33010520131023****','2013-10-23',NULL,1001,NULL,4801,NULL,NULL,NULL,NULL,NULL,NULL,NULL,NULL,NULL,NULL,0,NULL,NULL,NULL,NULL,16410,NULL,NULL,NULL,NULL,NULL,0,NULL,NULL,NULL,NULL,NULL,NULL,NULL,NULL,NULL,NULL,NULL,NULL,0,'2014-12-04',NULL,1,NULL,NULL,NULL,NULL,NULL,NULL,NULL,NULL,NULL,NULL,NULL,NULL,NULL,NULL,NULL);

/*!40000 ALTER TABLE `tpg_ryxx` ENABLE KEYS */;
UNLOCK TABLES;


# Dump of table tpgr_rygx
# ------------------------------------------------------------

DROP TABLE IF EXISTS `tpgr_rygx`;

CREATE TABLE `tpgr_rygx` (
  `ID` int(12) NOT NULL DEFAULT '0' COMMENT 'ID',
  `CJRID` int(12) DEFAULT NULL COMMENT '创建人ID',
  `CJRCODE` int(12) DEFAULT NULL COMMENT '创建人CODE',
  `CJRXM` varchar(100) DEFAULT NULL COMMENT '创建人姓名',
  `GX` int(8) DEFAULT NULL COMMENT '创建人、妻子、丈夫、儿子等单向关系',
  `GXRID` int(12) DEFAULT NULL COMMENT '关系人ID',
  `GXRCODE` int(12) DEFAULT NULL COMMENT '关系人CODE',
  `GXRXM` varchar(100) DEFAULT NULL COMMENT '关系人姓名',
  `JTID` int(12) DEFAULT NULL COMMENT '家庭ID',
  `JTCODE` int(12) DEFAULT NULL COMMENT '家庭CODE',
  `SFYX` int(1) DEFAULT NULL COMMENT '是否有效',
  `LSBZ` int(8) DEFAULT NULL COMMENT '历史标志',
  `CJSJ` date DEFAULT NULL COMMENT '创建时间',
  PRIMARY KEY (`ID`)
) ENGINE=InnoDB DEFAULT CHARSET=utf8 COMMENT='人员关系表';

LOCK TABLES `tpgr_rygx` WRITE;
/*!40000 ALTER TABLE `tpgr_rygx` DISABLE KEYS */;

INSERT INTO `tpgr_rygx` (`ID`, `CJRID`, `CJRCODE`, `CJRXM`, `GX`, `GXRID`, `GXRCODE`, `GXRXM`, `JTID`, `JTCODE`, `SFYX`, `LSBZ`, `CJSJ`)
VALUES
	(617155,153555,153555,'田佩军',1,153555,153555,'田佩军',298356,244986,1,0,'2014-12-02'),
	(617156,153555,153555,'田佩军',2,153556,153556,'党连红',298356,244986,1,0,'2014-12-02'),
	(617157,153555,153555,'田佩军',6,153557,153557,'田恺睿',298356,244986,1,0,'2014-12-02'),
	(617158,153555,153555,'田佩军',6,153558,153558,'田富豪',298356,244986,1,0,'2014-12-02'),
	(617177,147849,147849,'金俊',1,147849,147849,'金俊',298357,237722,1,0,'2014-12-02'),
	(617178,147849,147849,'金俊',7,147850,147850,'祝骏笑',298357,237722,1,0,'2014-12-02'),
	(617223,140208,140208,'陶泓铭',1,140208,140208,'陶泓铭',298418,230071,1,0,'2014-12-02'),
	(617238,150879,150879,'刘红强',1,150879,150879,'刘红强',298397,241742,1,0,'2014-12-02'),
	(617239,150879,150879,'刘红强',2,150880,150880,'孙冬华',298397,241742,1,0,'2014-12-02'),
	(617240,150879,150879,'刘红强',6,150881,150881,'刘硕',298397,241742,1,0,'2014-12-02'),
	(617252,138186,138186,'赖林敏',1,138186,138186,'赖林敏',298412,225881,1,0,'2014-12-02'),
	(617253,138186,138186,'赖林敏',2,138187,138187,'刘敏芝',298412,225881,1,0,'2014-12-02'),
	(617254,138186,138186,'赖林敏',6,138188,138188,'赖凯诺',298412,225881,1,0,'2014-12-02'),
	(617255,138186,138186,'赖林敏',7,138189,138189,'赖子萱',298412,225881,1,0,'2014-12-02'),
	(617444,140710,140710,'徐海英',1,140710,140710,'徐海英',298641,231040,1,0,'2014-12-02'),
	(617603,140906,140906,'金鑫',1,140906,140906,'金鑫',298796,231515,1,0,'2014-12-02'),
	(617604,140906,140906,'金鑫',3,140907,140907,'祝建仁',298796,231515,1,0,'2014-12-02'),
	(617616,146986,146986,'陈东群',1,146986,146986,'陈东群',298801,237068,1,0,'2014-12-02'),
	(617617,146986,146986,'陈东群',2,146987,146987,'范晓兰',298801,237068,1,0,'2014-12-02'),
	(617618,146986,146986,'陈东群',7,146988,146988,'陈月月',298801,237068,1,0,'2014-12-02'),
	(617619,146986,146986,'陈东群',7,146989,146989,'陈怡然',298801,237068,1,0,'2014-12-02'),
	(617655,138045,138045,'谢志专',1,138045,138045,'谢志专',298815,225554,1,0,'2014-12-02'),
	(617656,138045,138045,'谢志专',2,138046,138046,'李慧明',298815,225554,1,0,'2014-12-02'),
	(617657,138045,138045,'谢志专',6,138047,138047,'谢礼哲',298815,225554,1,0,'2014-12-02'),
	(617665,137953,137953,'冯岚靖',1,137953,137953,'冯岚靖',298841,225593,1,0,'2014-12-02'),
	(617674,135980,135980,'王鹏',1,135980,135980,'王鹏',298845,223638,1,0,'2014-12-02'),
	(617686,137953,137953,'冯岚靖',2,138074,138074,'陈江燕',298841,225593,1,0,'2014-12-02'),
	(617687,137953,137953,'冯岚靖',7,138075,138075,'冯鑫玥',298841,225593,1,0,'2014-12-02'),
	(617765,133590,133590,'刘璇',1,133590,133590,'刘璇',298933,220845,1,0,'2014-12-02'),
	(617768,141877,141877,'张敬喜',1,141877,141877,'张敬喜',298923,232751,1,0,'2014-12-02'),
	(617769,141877,141877,'张敬喜',2,141878,141878,'何照丽',298923,232751,1,0,'2014-12-02'),
	(617770,141877,141877,'张敬喜',6,141879,141879,'张何胜',298923,232751,1,0,'2014-12-02'),
	(617786,133590,133590,'刘璇',3,133591,133591,'张成华',298933,220845,1,0,'2014-12-02'),
	(617787,133590,133590,'刘璇',7,133592,133592,'张沐瑶',298933,220845,1,0,'2014-12-02'),
	(617941,140922,140922,'吴林美',1,140922,140922,'吴林美',299130,231521,1,0,'2014-12-02'),
	(618039,150381,150381,'张忠明',1,150381,150381,'张忠明',299173,241422,1,0,'2014-12-02'),
	(618040,150381,150381,'张忠明',2,150382,150382,'朱光翠',299173,241422,1,0,'2014-12-02'),
	(618041,150381,150381,'张忠明',6,150383,150383,'张定丰',299173,241422,1,0,'2014-12-02'),
	(618128,151270,151270,'韩琦',1,151270,151270,'韩琦',299243,242275,1,0,'2014-12-02'),
	(618236,150482,150482,'俞达飞',1,150482,150482,'俞达飞',299307,241484,1,0,'2014-12-02'),
	(618285,141119,141119,'陈文达',1,141119,141119,'陈文达',299375,232092,1,0,'2014-12-02'),
	(618306,141119,141119,'陈文达',2,141120,141120,'丁月飞',299375,232092,1,0,'2014-12-02'),
	(618307,141119,141119,'陈文达',6,141121,141121,'丁瑞琪',299375,232092,1,0,'2014-12-02'),
	(618308,147214,147214,'章昱',1,147214,147214,'章昱',299378,237267,1,0,'2014-12-02'),
	(618314,140692,140692,'王仙玉',1,140692,140692,'王仙玉',299388,230919,1,0,'2014-12-02'),
	(618315,140692,140692,'王仙玉',3,140693,140693,'李玉伟',299388,230919,1,0,'2014-12-02'),
	(618359,137594,137594,'彭金敖',1,137594,137594,'彭金敖',299425,224948,1,0,'2014-12-02'),
	(618360,137594,137594,'彭金敖',2,137595,137595,'方晓芬',299425,224948,1,0,'2014-12-02'),
	(618361,137594,137594,'彭金敖',6,137596,137596,'彭恩典',299425,224948,1,0,'2014-12-02'),
	(618439,147170,147170,'叶典贤',1,147170,147170,'叶典贤',299524,237218,1,0,'2014-12-02'),
	(618456,148049,148049,'刘亚平',1,148049,148049,'刘亚平',299550,238027,1,0,'2014-12-02'),
	(618467,142723,142723,'吴程',1,142723,142723,'吴程',299533,234237,1,0,'2014-12-02'),
	(618468,142723,142723,'吴程',2,142724,142724,'朱玉春',299533,234237,1,0,'2014-12-02'),
	(618469,142723,142723,'吴程',6,142725,142725,'吴珠峰',299533,234237,1,0,'2014-12-02'),
	(618470,142723,142723,'吴程',7,142726,142726,'吴珠滔',299533,234237,1,0,'2014-12-02'),
	(618479,148250,148250,'赖章国',1,148250,148250,'赖章国',299545,238309,1,0,'2014-12-02'),
	(618480,148250,148250,'赖章国',2,148251,148251,'江小美',299545,238309,1,0,'2014-12-02'),
	(618481,148250,148250,'赖章国',7,148252,148252,'赖紫悦',299545,238309,1,0,'2014-12-02'),
	(618488,143783,143783,'徐芳',1,143783,143783,'徐芳',299549,235795,1,0,'2014-12-02'),
	(618489,143783,143783,'徐芳',3,143784,143784,'景海豹',299549,235795,1,0,'2014-12-02'),
	(618536,140547,140547,'林雪怡',1,140547,140547,'林雪怡',299616,230783,1,0,'2014-12-02'),
	(618549,140949,140949,'江张平',1,140949,140949,'江张平',299629,231641,1,0,'2014-12-02'),
	(618550,140949,140949,'江张平',2,140950,140950,'石江洪',299629,231641,1,0,'2014-12-02'),
	(618551,140949,140949,'江张平',6,140951,140951,'江浩冉',299629,231641,1,0,'2014-12-02'),
	(618552,140949,140949,'江张平',6,140952,140952,'江星冉',299629,231641,1,0,'2014-12-02'),
	(618566,142914,142914,'赵静',1,142914,142914,'赵静',299626,234646,1,0,'2014-12-02'),
	(618567,142914,142914,'赵静',3,142915,142915,'沈旭东',299626,234646,1,0,'2014-12-02'),
	(618699,149933,149933,'胡苗建',1,149933,149933,'胡苗建',299755,240725,1,0,'2014-12-02'),
	(618700,149933,149933,'胡苗建',2,149934,149934,'张蓓倍',299755,240725,1,0,'2014-12-02'),
	(618701,148944,148944,'罗联岑',1,148944,148944,'罗联岑',299779,239147,1,0,'2014-12-02'),
	(618704,150011,150011,'杨学军',1,150011,150011,'杨学军',299782,240902,1,0,'2014-12-02'),
	(618705,150011,150011,'杨学军',2,150012,150012,'贺六红',299782,240902,1,0,'2014-12-02'),
	(618706,150011,150011,'杨学军',6,150013,150013,'杨浩然',299782,240902,1,0,'2014-12-02'),
	(618725,142692,142692,'姚成娥',1,142692,142692,'姚成娥',299819,233967,1,0,'2014-12-02'),
	(618726,142692,142692,'姚成娥',3,142693,142693,'梁金奎',299819,233967,1,0,'2014-12-02'),
	(618727,142692,142692,'姚成娥',7,142714,142714,'梁雨桐',299819,233967,1,0,'2014-12-02'),
	(618728,142974,142974,'胡孙坚',1,142974,142974,'胡孙坚',299820,234779,1,0,'2014-12-02'),
	(618736,139278,139278,'甘俊磊',1,139278,139278,'甘俊磊',299823,227653,1,0,'2014-12-02'),
	(618740,149958,149958,'陈芳',1,149958,149958,'陈芳',299809,240789,1,0,'2014-12-02'),
	(618777,148998,148998,'陈斌蓉',1,148998,148998,'陈斌蓉',299845,239217,1,0,'2014-12-02'),
	(618934,148979,148979,'张巧巧',1,148979,148979,'张巧巧',299964,239239,1,0,'2014-12-02'),
	(618977,151763,151763,'汪惠东',1,151763,151763,'汪惠东',300017,242565,1,0,'2014-12-02'),
	(618978,151763,151763,'汪惠东',2,151764,151764,'周建英',300017,242565,1,0,'2014-12-02'),
	(618979,151763,151763,'汪惠东',6,151765,151765,'汪睿',300017,242565,1,0,'2014-12-02'),
	(619000,147853,147853,'张立辉',1,147853,147853,'张立辉',300016,237728,1,0,'2014-12-02'),
	(619001,147853,147853,'张立辉',2,147894,147894,'荔彩凤',300016,237728,1,0,'2014-12-02'),
	(619002,147853,147853,'张立辉',6,147895,147895,'张毅',300016,237728,1,0,'2014-12-02'),
	(619003,147853,147853,'张立辉',7,147896,147896,'张鑫',300016,237728,1,0,'2014-12-02'),
	(619004,147484,147484,'童样林',1,147484,147484,'童样林',299975,237551,1,0,'2014-12-02'),
	(619005,147484,147484,'童样林',2,147485,147485,'苗丽珊',299975,237551,1,0,'2014-12-02'),
	(619006,147484,147484,'童样林',7,147486,147486,'童婳',299975,237551,1,0,'2014-12-02'),
	(619008,151961,151961,'陈细娥',1,151961,151961,'陈细娥',299974,242752,1,0,'2014-12-02'),
	(619009,151961,151961,'陈细娥',3,151962,151962,'张小辉',299974,242752,1,0,'2014-12-02'),
	(619010,151961,151961,'陈细娥',6,151963,151963,'张俊波',299974,242752,1,0,'2014-12-02'),
	(619011,151961,151961,'陈细娥',7,151964,151964,'张俊芳',299974,242752,1,0,'2014-12-02'),
	(619233,140668,140668,'朱康',1,140668,140668,'朱康',300187,230851,1,0,'2014-12-02'),
	(619234,140668,140668,'朱康',2,140669,140669,'张蕾',300187,230851,1,0,'2014-12-02'),
	(619829,151966,151966,'郑小明',1,151966,151966,'郑小明',300637,242755,1,0,'2014-12-03'),
	(619833,133539,133539,'胡庭',1,133539,133539,'胡庭',300612,220542,1,0,'2014-12-03'),
	(619834,140973,140973,'陈跃军',1,140973,140973,'陈跃军',300611,231712,1,0,'2014-12-03'),
	(619835,139394,139394,'曾菊梅',1,139394,139394,'曾菊梅',300610,227855,1,0,'2014-12-03'),
	(619836,139394,139394,'曾菊梅',3,139395,139395,'王家杰',300610,227855,1,0,'2014-12-03'),
	(619837,139394,139394,'曾菊梅',7,139396,139396,'王曾',300610,227855,1,0,'2014-12-03'),
	(619856,142727,142727,'王蒙',1,142727,142727,'王蒙',300638,234238,1,0,'2014-12-03'),
	(619857,142727,142727,'王蒙',2,142728,142728,'王惠',300638,234238,1,0,'2014-12-03'),
	(619893,137321,137321,'朱景泉',1,137321,137321,'朱景泉',300654,224449,1,0,'2014-12-03'),
	(619894,137321,137321,'朱景泉',2,137322,137322,'邱冬姣',300654,224449,1,0,'2014-12-03'),
	(619895,137321,137321,'朱景泉',6,137323,137323,'朱逸飞',300654,224449,1,0,'2014-12-03'),
	(619910,138226,138226,'常冠军',1,138226,138226,'常冠军',300668,225906,1,0,'2014-12-03'),
	(619911,138226,138226,'常冠军',2,138227,138227,'王喜罕',300668,225906,1,0,'2014-12-03'),
	(619912,138226,138226,'常冠军',6,138228,138228,'常贻轩',300668,225906,1,0,'2014-12-03'),
	(619916,139334,139334,'赵呈松',1,139334,139334,'赵呈松',300670,227750,1,0,'2014-12-03'),
	(619917,139334,139334,'赵呈松',2,139335,139335,'樊恩云',300670,227750,1,0,'2014-12-03'),
	(619932,138795,138795,'柴委民',1,138795,138795,'柴委民',300714,226749,1,0,'2014-12-03'),
	(619933,138795,138795,'柴委民',2,138796,138796,'王松佩',300714,226749,1,0,'2014-12-03'),
	(619934,138795,138795,'柴委民',7,138797,138797,'柴一丹',300714,226749,1,0,'2014-12-03'),
	(619935,138795,138795,'柴委民',6,138798,138798,'柴荣轩',300714,226749,1,0,'2014-12-03'),
	(619981,139833,139833,'吴德民',1,139833,139833,'吴德民',300732,229436,1,0,'2014-12-03'),
	(619982,139833,139833,'吴德民',2,139854,139854,'陈美红',300732,229436,1,0,'2014-12-03'),
	(619999,143693,143693,'陈尚',1,143693,143693,'陈尚',300761,235482,1,0,'2014-12-03'),
	(620018,151384,151384,'章晓燕',1,151384,151384,'章晓燕',300809,242389,1,0,'2014-12-03'),
	(620048,151860,151860,'王红伟',1,151860,151860,'王红伟',300804,242677,1,0,'2014-12-03'),
	(620049,151860,151860,'王红伟',2,151861,151861,'豆素兰',300804,242677,1,0,'2014-12-03'),
	(620050,151860,151860,'王红伟',6,151862,151862,'王顺',300804,242677,1,0,'2014-12-03'),
	(620051,151860,151860,'王红伟',6,151863,151863,'王小川',300804,242677,1,0,'2014-12-03'),
	(620085,144022,144022,'夏俊',1,144022,144022,'夏俊',300837,236624,1,0,'2014-12-03'),
	(620106,144022,144022,'夏俊',2,144023,144023,'罗向敏',300837,236624,1,0,'2014-12-03'),
	(620107,144022,144022,'夏俊',6,144024,144024,'夏嘉辰',300837,236624,1,0,'2014-12-03'),
	(620124,143740,143740,'林小娜',1,143740,143740,'林小娜',300852,235718,1,0,'2014-12-03'),
	(620125,143740,143740,'林小娜',3,143741,143741,'童飞林',300852,235718,1,0,'2014-12-03'),
	(620129,143749,143749,'肖孟会',1,143749,143749,'肖孟会',300843,235773,1,0,'2014-12-03'),
	(620130,143749,143749,'肖孟会',2,143750,143750,'申璐琳',300843,235773,1,0,'2014-12-03'),
	(620140,140923,140923,'王俊彦',1,140923,140923,'王俊彦',300914,231524,1,0,'2014-12-03'),
	(620146,143740,143740,'林小娜',6,143742,143742,'童浩睿',300852,235718,1,0,'2014-12-03'),
	(620185,154885,154885,'倪励诚',1,154885,154885,'倪励诚',300948,247118,1,0,'2014-12-03'),
	(620186,138310,138310,'唐美红',1,138310,138310,'唐美红',300950,226054,1,0,'2014-12-03'),
	(620187,138310,138310,'唐美红',3,138311,138311,'姜国军',300950,226054,1,0,'2014-12-03'),
	(620188,138310,138310,'唐美红',6,138312,138312,'唐升杰',300950,226054,1,0,'2014-12-03'),
	(620189,138310,138310,'唐美红',7,138313,138313,'唐云飞',300950,226054,1,0,'2014-12-03'),
	(620193,137509,137509,'章格',1,137509,137509,'章格',300977,224653,1,0,'2014-12-03'),
	(620214,151974,151974,'张莹',1,151974,151974,'张莹',300984,242777,1,0,'2014-12-03'),
	(620235,133163,133163,'张国强',1,133163,133163,'张国强',301041,219913,1,0,'2014-12-03'),
	(620236,133163,133163,'张国强',2,133164,133164,'葛秀芳',301041,219913,1,0,'2014-12-03'),
	(620237,133163,133163,'张国强',7,133165,133165,'张雨露',301041,219913,1,0,'2014-12-03'),
	(620238,133163,133163,'张国强',6,133166,133166,'张程杭',301041,219913,1,0,'2014-12-03'),
	(620290,143079,143079,'刘保松',1,143079,143079,'刘保松',301080,234938,1,0,'2014-12-03'),
	(620291,143079,143079,'刘保松',2,143080,143080,'童菊华',301080,234938,1,0,'2014-12-03'),
	(620293,138794,138794,'陈文瑛',1,138794,138794,'陈文瑛',301055,226743,1,0,'2014-12-03'),
	(620296,134024,134024,'蔡嘉涵',1,134024,134024,'蔡嘉涵',301081,222044,1,0,'2014-12-03'),
	(623244,147633,147633,'周兴礼',1,147633,147633,'周兴礼',303860,237623,1,0,'2014-12-04'),
	(623245,147633,147633,'周兴礼',2,147634,147634,'许娟',303860,237623,1,0,'2014-12-04'),
	(623246,147633,147633,'周兴礼',6,147660,147660,'周许睿',303860,237623,1,0,'2014-12-04'),
	(623247,147633,147633,'周兴礼',6,147661,147661,'许子睿',303860,237623,1,0,'2014-12-04'),
	(623248,148826,148826,'丰吉玲',1,148826,148826,'丰吉玲',303869,239063,1,0,'2014-12-04'),
	(623249,148826,148826,'丰吉玲',3,148827,148827,'朱安兵',303869,239063,1,0,'2014-12-04'),
	(623250,148826,148826,'丰吉玲',6,148828,148828,'朱俊丰',303869,239063,1,0,'2014-12-04'),
	(623263,151343,151343,'陈菲菲',1,151343,151343,'陈菲菲',303916,242354,1,0,'2014-12-04'),
	(623270,152377,152377,'徐海忠',1,152377,152377,'徐海忠',303871,243318,1,0,'2014-12-04'),
	(623271,152377,152377,'徐海忠',2,152378,152378,'张群英',303871,243318,1,0,'2014-12-04'),
	(623272,149712,149712,'孙建锋',1,149712,149712,'孙建锋',303873,240137,1,0,'2014-12-04'),
	(623273,149712,149712,'孙建锋',2,149713,149713,'陈银妹',303873,240137,1,0,'2014-12-04'),
	(623289,150759,150759,'杨伟丽',1,150759,150759,'杨伟丽',303882,241640,1,0,'2014-12-04'),
	(623316,144145,144145,'楼秀青',1,144145,144145,'楼秀青',303945,236688,1,0,'2014-12-04'),
	(623336,143416,143416,'王虹',1,143416,143416,'王虹',303928,235024,1,0,'2014-12-04'),
	(623337,143416,143416,'王虹',3,143417,143417,'朱屹轩',303928,235024,1,0,'2014-12-04'),
	(623338,149703,149703,'韩东',1,149703,149703,'韩东',303929,240071,1,0,'2014-12-04'),
	(623339,143072,143072,'刘砚',1,143072,143072,'刘砚',303930,234927,1,0,'2014-12-04'),
	(623344,142504,142504,'陈国良',1,142504,142504,'陈国良',303940,233285,1,0,'2014-12-04'),
	(623351,143596,143596,'沈智敏',1,143596,143596,'沈智敏',303943,235311,1,0,'2014-12-04'),
	(623358,133328,133328,'张海森',1,133328,133328,'张海森',303951,220187,1,0,'2014-12-04'),
	(623359,133328,133328,'张海森',2,133329,133329,'华彩雅',303951,220187,1,0,'2014-12-04'),
	(623360,133328,133328,'张海森',7,133330,133330,'张羽馨',303951,220187,1,0,'2014-12-04'),
	(623382,153152,153152,'卢德美',1,153152,153152,'卢德美',303982,244559,1,0,'2014-12-04'),
	(623401,155213,155213,'姜文炜',1,155213,155213,'姜文炜',303992,247563,1,0,'2014-12-04'),
	(623407,151816,151816,'杨炎春',1,151816,151816,'杨炎春',303987,242586,1,0,'2014-12-04'),
	(623408,151816,151816,'杨炎春',2,151817,151817,'陈梅',303987,242586,1,0,'2014-12-04'),
	(623409,151816,151816,'杨炎春',6,151800,151800,'杨泽梒',303987,242586,1,0,'2014-12-04'),
	(623427,152060,152060,'孟劼',1,152060,152060,'孟劼',303994,242872,1,0,'2014-12-04'),
	(623428,152060,152060,'孟劼',2,152061,152061,'马恒文',303994,242872,1,0,'2014-12-04'),
	(624137,152460,152460,'吕岩',1,152460,152460,'吕岩',304743,243382,1,0,'2014-12-04'),
	(624138,152460,152460,'吕岩',2,152461,152461,'时胜华',304743,243382,1,0,'2014-12-04'),
	(624139,152460,152460,'吕岩',6,152462,152462,'吕文铎',304743,243382,1,0,'2014-12-04'),
	(624144,138428,138428,'陈时旺',1,138428,138428,'陈时旺',304755,226412,1,0,'2014-12-04'),
	(624147,140072,140072,'王进',1,140072,140072,'王进',304776,229795,1,0,'2014-12-04'),
	(624148,140072,140072,'王进',2,140073,140073,'乐玉香',304776,229795,1,0,'2014-12-04'),
	(624149,140072,140072,'王进',6,140094,140094,'王旗烁',304776,229795,1,0,'2014-12-04'),
	(624153,139359,139359,'廖燕',1,139359,139359,'廖燕',304777,227803,1,0,'2014-12-04'),
	(624154,147377,147377,'葛允飞',1,147377,147377,'葛允飞',304778,237504,1,0,'2014-12-04'),
	(624155,147377,147377,'葛允飞',2,147529,147529,'刘林红',304778,237504,1,0,'2014-12-04'),
	(624156,147377,147377,'葛允飞',6,147530,147530,'葛天昊',304778,237504,1,0,'2014-12-04'),
	(624175,137694,137694,'卞玉',1,137694,137694,'卞玉',304780,225145,1,0,'2014-12-04'),
	(624179,151761,151761,'杨旭峰',1,151761,151761,'杨旭峰',304779,242564,1,0,'2014-12-04'),
	(624180,151761,151761,'杨旭峰',2,151762,151762,'吴良珍',304779,242564,1,0,'2014-12-04'),
	(624184,151978,151978,'于滨',1,151978,151978,'于滨',304789,242781,1,0,'2014-12-04'),
	(624185,151978,151978,'于滨',3,151979,151979,'潘海滔',304789,242781,1,0,'2014-12-04'),
	(624186,151978,151978,'于滨',7,151980,151980,'潘雨熙',304789,242781,1,0,'2014-12-04'),
	(624189,151642,151642,'高传峰',1,151642,151642,'高传峰',304786,242460,1,0,'2014-12-04'),
	(624191,152268,152268,'魏鹏鹏',1,152268,152268,'魏鹏鹏',304793,243212,1,0,'2014-12-04'),
	(624193,154429,154429,'张菁菁',1,154429,154429,'张菁菁',304818,246230,1,0,'2014-12-04'),
	(624199,154217,154217,'刘敏',1,154217,154217,'刘敏',304819,245917,1,0,'2014-12-04'),
	(624207,154422,154422,'黄佳琪',1,154422,154422,'黄佳琪',304790,246163,1,0,'2014-12-04'),
	(624208,152305,152305,'高佳佳',1,152305,152305,'高佳佳',304791,243267,1,0,'2014-12-04'),
	(624209,152305,152305,'高佳佳',2,152306,152306,'陆倩倩',304791,243267,1,0,'2014-12-04'),
	(624210,139069,139069,'金星',1,139069,139069,'金星',304794,227159,1,0,'2014-12-04'),
	(624211,139069,139069,'金星',3,139070,139070,'金贵兵',304794,227159,1,0,'2014-12-04'),
	(624212,139069,139069,'金星',7,173294,173294,'金尚槿',304794,227159,1,0,'2014-12-04');

/*!40000 ALTER TABLE `tpgr_rygx` ENABLE KEYS */;
UNLOCK TABLES;



/*!40111 SET SQL_NOTES=@OLD_SQL_NOTES */;
/*!40101 SET SQL_MODE=@OLD_SQL_MODE */;
/*!40014 SET FOREIGN_KEY_CHECKS=@OLD_FOREIGN_KEY_CHECKS */;
/*!40101 SET CHARACTER_SET_CLIENT=@OLD_CHARACTER_SET_CLIENT */;
/*!40101 SET CHARACTER_SET_RESULTS=@OLD_CHARACTER_SET_RESULTS */;
/*!40101 SET COLLATION_CONNECTION=@OLD_COLLATION_CONNECTION */;
